date,tempC,maxtempC,mintempC,WindChillC,FeelsLikeC,visibilityMiles,HeatIndexC,avgtempC,windspeedMiles,winddirDegree,pressure,WindGustMiles,precipMM,totalSnow_cm,sunHour,DewPointC,humidity,uvIndex,fips
2019-01-01,-7,-7,-13,-14,-14,6,-10,-10,6,224,1028,7,0.1,0.0,8.2,-16,60,1,49019
2019-01-02,-6,-6,-16,-12,-12,6,-11,-10,2,209,1032,6,0.0,0.0,9.7,-16,70,2,49019
2019-01-03,-4,-4,-15,-11,-11,6,-10,-9,2,218,1030,7,0.0,0.0,9.7,-14,72,2,49019
2019-01-04,-2,-2,-13,-8,-8,6,-7,-7,2,248,1026,5,0.0,0.0,9.7,-12,74,2,49019
2019-01-05,-2,-2,-13,-7,-7,6,-6,-6,2,268,1023,3,0.3,0.0,9.7,-10,77,2,49019
2019-01-06,-1,-1,-5,-5,-5,2,-3,-3,4,197,1015,6,19.1,14.8,4.9,-4,95,1,49019
2019-01-07,1,1,-5,-5,-5,4,-2,-2,5,193,1022,11,0.8,0.6,8.2,-4,92,1,49019
2019-01-08,1,1,-9,-5,-5,6,-4,-4,2,279,1030,3,0.0,0.0,9.8,-6,93,2,49019
2019-01-09,0,0,-9,-5,-5,6,-4,-4,2,292,1029,3,0.0,0.0,9.8,-6,93,2,49019
2019-01-10,0,0,-8,-5,-5,6,-4,-4,2,284,1024,3,0.0,0.0,9.8,-5,94,2,49019
2019-01-11,0,0,-9,-5,-5,6,-4,-4,2,214,1023,3,0.0,0.0,9.8,-6,92,2,49019
2019-01-12,0,0,-11,-6,-6,6,-5,-5,2,203,1026,3,0.0,0.0,9.8,-7,88,2,49019
2019-01-13,-1,-1,-8,-6,-6,6,-5,-4,3,71,1027,5,0.0,0.0,9.8,-7,83,2,49019
2019-01-14,-1,-1,-9,-6,-6,6,-5,-5,2,266,1029,4,0.0,0.0,9.8,-8,82,2,49019
2019-01-15,-2,-2,-6,-5,-5,4,-4,-4,3,249,1024,5,7.3,5.5,4.9,-5,93,1,49019
2019-01-16,0,0,-3,-3,-3,2,-1,-2,3,234,1022,3,7.2,6.1,6.6,-1,100,1,49019
2019-01-17,0,0,-4,-4,-4,5,-2,-2,4,112,1020,6,4.9,0.0,4.9,-2,96,1,49019
2019-01-18,1,1,-3,-5,-5,5,-1,-1,8,265,1019,11,3.5,1.2,9.9,-3,87,2,49019
2019-01-19,1,1,-7,-4,-4,6,-3,-3,2,299,1031,3,0.0,0.0,9.9,-7,78,2,49019
2019-01-20,1,1,-6,-4,-4,6,-3,-3,3,177,1024,5,0.0,0.0,9.9,-5,86,2,49019
2019-01-21,2,2,-7,-7,-7,4,-2,-2,11,212,1006,22,2.0,1.2,8.3,-5,83,1,49019
2019-01-22,-1,-1,-6,-7,-7,5,-3,-4,6,110,1025,9,1.7,1.4,10.0,-8,70,2,49019
2019-01-23,-2,-2,-10,-6,-6,6,-5,-5,3,240,1030,5,0.0,0.0,10.0,-10,71,2,49019
2019-01-24,0,0,-9,-5,-5,6,-4,-4,3,212,1028,4,0.0,0.0,10.0,-8,77,2,49019
2019-01-25,-1,-1,-7,-5,-5,6,-4,-4,2,174,1029,3,0.0,0.0,10.0,-7,80,1,49019
2019-01-26,0,0,-7,-4,-4,6,-4,-3,2,219,1031,4,0.0,0.0,10.0,-7,81,2,49019
2019-01-27,1,1,-7,-4,-4,6,-3,-3,2,274,1026,3,0.0,0.0,10.0,-6,82,2,49019
2019-01-28,1,1,-6,-5,-5,6,-3,-2,5,109,1024,7,0.0,0.0,10.1,-6,78,2,49019
2019-01-29,1,1,-6,-5,-5,6,-3,-2,3,247,1024,4,0.0,0.0,10.1,-8,68,2,49019
2019-01-30,1,1,-8,-5,-5,6,-4,-3,3,251,1021,3,0.0,0.0,10.1,-8,74,2,49019
2019-01-31,2,2,-8,-3,-3,6,-3,-2,2,181,1021,4,0.0,0.0,10.1,-8,71,2,49019
2019-02-01,3,3,-7,-2,-2,6,-2,-1,3,261,1021,5,0.0,0.0,10.1,-6,73,2,49019
2019-02-02,4,4,-4,-2,-2,6,0,1,4,57,1016,6,0.2,0.0,8.3,-3,81,1,49019
2019-02-03,7,7,2,1,1,5,4,4,10,209,1005,21,6.3,0.0,8.3,1,82,1,49019
2019-02-04,4,4,-2,-1,-1,6,2,2,7,185,1009,17,0.3,0.0,6.7,-1,82,1,49019
2019-02-05,8,8,3,0,0,6,5,6,18,199,1005,28,1.0,0.0,10.2,-3,60,2,49019
2019-02-06,0,0,-2,-6,-6,3,0,-1,17,238,1008,26,1.1,0.3,6.7,-8,56,1,49019
2019-02-07,-1,-1,-4,-7,-7,6,-3,-2,9,292,1027,11,0.0,0.0,10.3,-15,38,2,49019
2019-02-08,-2,-2,-8,-8,-8,6,-5,-5,5,128,1029,7,0.0,0.0,10.3,-12,58,2,49019
2019-02-09,2,2,-8,-5,-5,12,-2,-2,5,161,1017,9,0.0,0.0,10.0,-9,61,1,49019
2019-02-10,4,4,-5,-4,-4,8,0,0,7,169,1015,14,0.0,0.0,10.4,-6,63,2,49019
2019-02-11,1,1,-4,-6,-6,7,-1,-1,10,279,1015,15,2.2,1.9,10.4,-9,55,2,49019
2019-02-12,3,3,-8,-4,-4,6,-2,-1,4,152,1024,5,0.0,0.0,10.4,-10,58,2,49019
2019-02-13,4,4,-4,-3,-3,7,0,1,6,165,1016,14,1.3,0.0,8.4,-6,65,1,49019
2019-02-14,5,5,-1,1,1,6,4,3,7,128,1008,8,21.2,0.0,8.4,1,79,1,49019
2019-02-15,9,9,-2,2,2,7,5,5,9,188,1009,16,11.0,0.0,10.5,-1,72,2,49019
2019-02-16,4,4,-1,-1,-1,7,3,2,8,299,1010,17,1.4,1.1,8.4,-4,63,1,49019
2019-02-17,3,3,-5,-3,-3,8,0,0,4,89,1015,6,2.6,2.2,8.4,-7,63,1,49019
2019-02-18,2,2,-8,-5,-5,4,-2,-2,6,110,1018,6,2.5,2.1,5.3,-8,68,1,49019
2019-02-19,-3,-3,-8,-8,-8,5,-5,-6,4,305,1019,7,1.2,0.9,11.0,-9,76,1,49019
2019-02-20,-1,-1,-11,-9,-9,5,-6,-5,6,174,1016,6,1.7,1.4,5.5,-11,66,1,49019
2019-02-21,-1,-1,-8,-7,-7,1,-3,-4,8,67,1010,14,6.0,5.1,5.5,-7,76,1,49019
2019-02-22,1,1,-6,-6,-6,6,-3,-3,5,315,1012,6,1.4,1.1,7.0,-5,87,1,49019
2019-02-23,-4,-4,-11,-8,-8,11,-6,-6,4,235,1025,6,0.0,0.0,11.5,-10,73,2,49019
2019-02-24,-1,-1,-10,-6,-6,6,-5,-5,3,158,1028,5,0.0,0.0,11.5,-10,69,2,49019
2019-02-25,1,1,-8,-4,-4,6,-3,-3,3,241,1024,5,0.0,0.0,10.1,-7,73,1,49019
2019-02-26,4,4,-7,-2,-2,6,-1,-1,4,173,1022,6,0.0,0.0,11.5,-5,76,2,49019
2019-02-27,4,4,-5,-1,-1,6,0,1,4,184,1022,7,0.0,0.0,10.1,-3,82,1,49019
2019-02-28,7,7,-3,1,1,6,2,3,5,198,1018,6,0.8,0.0,10.1,-1,83,1,49019
2019-03-01,8,8,-2,1,1,6,3,3,5,270,1018,5,0.9,0.6,11.6,0,82,2,49019
2019-03-02,7,7,-2,1,1,4,3,4,5,183,1016,8,11.0,0.0,7.3,0,82,1,49019
2019-03-03,8,8,0,2,2,5,4,4,5,256,1014,5,3.3,0.0,7.3,1,84,1,49019
2019-03-04,6,6,-1,0,0,5,3,3,5,169,1018,7,0.2,0.2,10.2,-2,77,2,49019
2019-03-05,10,10,-4,1,1,6,3,4,3,179,1022,6,0.0,0.0,10.2,-6,63,1,49019
2019-03-06,6,6,-4,-1,-1,5,2,2,4,190,1020,13,6.7,0.0,5.9,-4,70,1,49019
2019-03-07,14,14,0,4,4,6,6,7,6,237,1013,13,2.8,0.0,8.7,-1,68,2,49019
2019-03-08,11,11,6,4,4,6,8,8,17,200,1005,23,0.9,0.0,7.3,-3,50,2,49019
2019-03-09,8,8,0,1,1,6,4,4,6,201,1013,9,0.5,0.0,11.6,-6,47,2,49019
2019-03-10,9,9,2,4,4,6,6,6,5,30,1014,8,0.1,0.0,11.6,-5,46,3,49019
2019-03-11,9,9,3,4,4,6,7,7,7,54,1017,10,0.3,0.0,8.8,-2,53,2,49019
2019-03-12,12,12,5,6,6,5,8,8,6,104,1007,7,7.2,0.0,8.8,1,63,2,49019
2019-03-13,5,5,2,0,0,2,4,4,15,302,1001,19,14.3,3.1,6.0,-1,69,1,49019
2019-03-14,4,4,-2,-2,-2,5,1,1,7,17,1024,10,0.9,0.7,11.6,-7,56,2,49019
2019-03-15,7,7,0,1,1,6,3,3,4,186,1030,5,0.0,0.0,11.6,-9,42,2,49019
2019-03-16,10,10,2,5,5,6,5,6,3,175,1026,4,0.0,0.0,11.6,-9,36,3,49019
2019-03-17,11,11,2,6,6,12,7,7,2,171,1024,4,0.0,0.0,11.6,-8,35,3,49019
2019-03-18,13,13,4,7,7,12,9,9,4,184,1021,6,0.0,0.0,10.2,-7,34,2,49019
2019-03-19,12,12,6,7,7,6,9,9,9,48,1021,13,0.0,0.0,11.6,-5,39,3,49019
2019-03-20,12,12,3,5,5,6,8,8,8,42,1023,12,0.0,0.0,10.2,-9,32,2,49019
2019-03-21,9,9,2,5,5,5,7,7,10,70,1017,15,21.4,0.0,6.1,-1,57,2,49019
2019-03-22,10,10,3,5,5,6,6,7,5,195,1016,7,1.2,0.0,11.6,-3,53,3,49019
2019-03-23,11,11,4,6,6,6,8,8,3,203,1018,4,0.0,0.0,11.6,-2,52,3,49019
2019-03-24,14,14,7,9,9,5,10,10,7,227,1018,11,4.1,0.0,8.8,-1,48,3,49019
2019-03-25,14,14,5,9,9,6,10,10,3,77,1024,6,0.0,0.0,11.6,-6,35,3,49019
2019-03-26,19,19,7,11,11,6,12,13,6,154,1018,9,0.0,0.0,7.5,-6,29,3,49019
2019-03-27,21,21,9,15,15,6,15,16,7,182,1013,12,0.0,0.0,8.9,-4,30,4,49019
2019-03-28,19,19,10,13,13,12,14,15,12,208,1014,19,0.0,0.0,10.2,-7,25,4,49019
2019-03-29,12,12,6,6,6,12,9,9,14,295,1017,20,0.0,0.0,10.2,-8,30,2,49019
2019-03-30,10,10,3,5,5,12,7,7,6,183,1023,8,0.0,0.0,11.6,-6,41,3,49019
2019-03-31,10,10,4,5,5,6,7,7,5,102,1023,7,0.0,0.0,11.6,-6,39,3,49019
2019-04-01,14,14,5,8,8,6,10,10,4,216,1019,6,0.0,0.0,11.6,-7,32,3,49019
2019-04-02,15,15,8,11,11,5,12,13,7,181,1012,10,0.4,0.0,8.9,-3,36,3,49019
2019-04-03,14,14,9,10,10,4,11,11,4,272,1010,7,0.8,0.0,8.9,-1,45,3,49019
2019-04-04,18,18,8,12,12,6,13,14,5,174,1015,8,0.0,0.0,11.6,-1,38,4,49019
2019-04-05,18,18,10,13,13,6,14,14,7,195,1011,10,0.0,0.0,11.6,-2,33,4,49019
2019-04-06,18,18,10,13,13,6,14,14,5,236,1012,7,0.0,0.0,11.6,0,38,4,49019
2019-04-07,18,18,9,13,13,6,14,14,4,208,1020,6,0.0,0.0,11.6,-1,37,4,49019
2019-04-08,21,21,11,16,16,6,17,17,3,221,1020,5,0.0,0.0,11.6,-3,27,5,49019
2019-04-09,24,24,13,19,19,6,19,20,18,201,1007,22,0.0,0.0,7.8,-4,23,5,49019
2019-04-10,9,9,7,5,5,4,9,8,18,317,1003,21,2.3,0.0,7.8,-4,42,2,49019
2019-04-11,10,10,3,4,4,5,7,6,8,270,1010,11,1.6,0.1,11.6,-6,43,3,49019
2019-04-12,10,10,2,4,4,6,6,6,5,185,1009,6,0.0,0.0,11.6,-7,39,3,49019
2019-04-13,11,11,5,7,7,6,9,8,4,303,1015,6,0.0,0.0,11.6,-6,35,3,49019
2019-04-14,19,19,7,13,13,6,13,14,6,201,1010,9,0.0,0.0,11.6,-5,28,4,49019
2019-04-15,21,21,11,16,16,6,16,17,14,205,1006,20,0.0,0.0,7.8,-4,26,4,49019
2019-04-16,19,19,13,15,15,6,16,17,15,205,1006,20,0.0,0.0,11.6,-2,29,5,49019
2019-04-17,17,17,9,11,11,6,13,13,9,162,1014,12,0.1,0.0,10.3,0,42,3,49019
2019-04-18,18,18,9,12,12,6,13,14,4,223,1022,6,0.0,0.0,11.6,-2,34,4,49019
2019-04-19,22,22,12,16,16,6,17,17,3,169,1018,5,0.0,0.0,11.6,-4,25,5,49019
2019-04-20,23,23,14,18,18,6,19,20,8,180,1008,12,0.0,0.0,10.4,-6,19,4,49019
2019-04-21,22,22,15,18,18,6,18,19,10,188,1006,13,0.1,0.0,11.6,-4,24,5,49019
2019-04-22,21,21,12,16,16,6,16,17,6,187,1012,8,0.1,0.0,11.6,-2,29,5,49019
2019-04-23,21,21,12,16,16,6,17,17,7,188,1015,9,0.0,0.0,11.6,1,34,5,49019
2019-04-24,22,22,13,18,18,6,18,18,5,219,1014,8,0.2,0.0,11.6,0,29,5,49019
2019-04-25,23,23,14,18,18,6,19,19,5,167,1016,6,0.0,0.0,11.6,2,34,5,49019
2019-04-26,26,26,17,21,21,6,21,22,8,183,1012,10,1.4,0.0,9.3,2,29,5,49019
2019-04-27,23,23,15,19,19,6,20,19,9,269,1010,12,2.5,0.0,11.6,1,30,5,49019
2019-04-28,21,21,16,18,18,5,18,19,7,208,1006,10,6.0,0.0,6.9,3,36,4,49019
2019-04-29,16,16,10,12,12,5,13,13,8,155,1008,11,14.6,0.0,6.9,2,48,3,49019
2019-04-30,18,18,11,13,13,5,14,15,12,222,1004,16,11.7,0.0,8.1,3,48,3,49019
2019-05-01,12,12,6,8,8,4,10,10,10,287,1014,12,5.8,0.0,11.6,-8,29,3,49019
2019-05-02,16,16,8,11,11,6,12,13,5,222,1015,7,0.0,0.0,11.6,-6,28,4,49019
2019-05-03,18,18,9,13,13,6,14,14,3,232,1015,4,0.0,0.0,11.6,-5,27,4,49019
2019-05-04,21,21,12,16,16,6,17,17,6,205,1012,8,0.3,0.0,10.4,-4,24,4,49019
2019-05-05,23,23,14,18,18,5,18,19,6,205,1008,8,4.1,0.0,10.4,1,33,4,49019
2019-05-06,24,24,14,19,19,6,19,20,6,156,1008,9,0.8,0.0,10.5,-1,28,5,49019
2019-05-07,22,22,14,18,18,6,18,18,9,204,1007,13,0.4,0.0,11.6,-3,24,5,49019
2019-05-08,15,15,8,13,13,5,14,13,8,27,1008,10,1.1,0.0,8.2,1,41,3,49019
2019-05-09,16,16,8,11,11,6,12,12,5,170,1010,6,0.0,0.0,11.6,-2,37,4,49019
2019-05-10,17,17,11,14,14,6,14,14,7,112,1012,8,0.0,0.0,10.5,0,40,3,49019
2019-05-11,19,19,10,14,14,6,15,15,3,248,1013,5,0.0,0.0,11.6,-2,33,4,49019
2019-05-12,22,22,13,17,17,6,18,18,4,182,1012,6,0.0,0.0,11.6,-4,22,5,49019
2019-05-13,24,24,15,19,19,6,20,20,4,242,1012,6,0.0,0.0,11.6,-3,21,6,49019
2019-05-14,26,26,17,22,22,6,22,23,5,173,1013,7,0.0,0.0,11.6,-2,21,6,49019
2019-05-15,27,27,17,23,22,6,22,24,9,181,1011,12,0.0,0.0,9.3,1,25,5,49019
2019-05-16,27,27,19,23,23,6,23,24,18,187,1005,22,0.0,0.0,10.5,0,23,5,49019
2019-05-17,18,18,13,14,14,6,15,15,16,251,1004,19,0.3,0.0,9.4,-2,31,3,49019
2019-05-18,17,17,9,11,11,6,13,13,9,266,1010,11,0.8,0.0,11.6,-3,31,4,49019
2019-05-19,19,19,11,13,13,6,14,16,14,171,1006,19,4.1,0.0,8.2,-2,32,4,49019
2019-05-20,14,14,7,9,9,6,12,12,9,119,1004,12,2.3,0.0,9.4,-1,41,3,49019
2019-05-21,16,16,8,10,10,6,12,13,9,231,1002,12,0.2,0.0,10.5,-2,39,3,49019
2019-05-22,14,14,8,10,10,6,11,11,7,133,1002,10,4.2,0.0,11.2,-1,43,3,49019
2019-05-23,15,15,10,10,10,5,12,13,18,200,1007,26,9.3,0.0,9.2,1,47,3,49019
2019-05-24,18,18,8,12,12,6,13,14,8,197,1015,11,0.4,0.0,14.5,-1,41,4,49019
2019-05-25,22,22,10,16,16,6,17,17,7,157,1011,10,0.0,0.0,14.5,-5,26,5,49019
2019-05-26,24,24,13,19,19,6,19,20,12,170,1007,17,0.0,0.0,14.5,-6,20,6,49019
2019-05-27,15,15,11,14,14,4,15,14,11,159,1006,18,28.1,0.0,10.3,2,43,3,49019
2019-05-28,16,16,8,11,11,6,12,12,6,176,1009,7,0.3,0.0,12.4,0,44,3,49019
2019-05-29,18,18,11,14,14,6,15,15,6,190,1012,7,0.0,0.0,14.5,-1,34,5,49019
2019-05-30,22,22,13,17,17,6,18,18,5,169,1014,8,0.0,0.0,14.5,-1,28,5,49019
2019-05-31,25,25,15,20,20,6,20,21,6,186,1014,9,0.0,0.0,14.5,1,29,6,49019
2019-06-01,28,28,17,23,22,6,22,24,9,166,1010,13,0.0,0.0,14.5,-1,22,6,49019
2019-06-02,27,27,19,23,23,6,23,24,8,175,1009,13,0.5,0.0,11.4,-1,20,5,49019
2019-06-03,27,27,17,22,22,6,22,23,7,196,1011,10,0.0,0.0,13.5,1,25,5,49019
2019-06-04,28,28,18,22,23,6,23,23,5,176,1013,8,0.0,0.0,14.5,1,24,6,49019
2019-06-05,27,27,18,22,22,5,22,23,6,105,1013,9,3.7,0.0,14.5,2,26,6,49019
2019-06-06,29,29,19,24,25,5,25,25,7,164,1011,9,4.2,0.0,14.5,6,32,6,49019
2019-06-07,29,29,20,26,25,6,25,26,14,210,1008,18,0.0,0.0,14.5,3,25,7,49019
2019-06-08,25,25,18,22,23,6,23,22,8,288,1012,12,0.0,0.0,14.5,1,25,6,49019
2019-06-09,21,21,12,16,16,11,17,17,11,39,1025,15,0.0,0.0,12.4,-7,19,4,49019
2019-06-10,26,26,14,20,20,6,20,21,5,206,1023,8,0.0,0.0,12.4,-8,16,5,49019
2019-06-11,28,28,16,22,23,10,23,24,5,296,1019,7,0.0,0.0,14.5,-4,16,6,49019
2019-06-12,29,29,20,24,25,12,25,25,5,164,1016,8,0.0,0.0,13.5,3,25,5,49019
2019-06-13,31,31,20,25,25,12,25,27,5,205,1011,8,0.0,0.0,13.5,2,22,6,49019
2019-06-14,31,31,18,24,25,11,25,26,10,223,1008,13,0.3,0.0,14.5,4,31,7,49019
2019-06-15,28,28,16,22,22,12,22,23,7,168,1010,9,0.3,0.0,14.5,4,32,6,49019
2019-06-16,29,29,20,24,24,12,24,25,8,244,1010,11,0.0,0.0,12.4,4,29,6,49019
2019-06-17,28,28,18,22,22,11,22,23,6,205,1011,9,0.3,0.0,14.5,7,38,6,49019
2019-06-18,28,28,16,22,22,11,22,23,7,233,1013,9,0.2,0.0,13.5,6,39,5,49019
2019-06-19,30,30,15,23,22,6,22,24,12,227,1011,16,0.0,0.0,14.5,5,38,6,49019
2019-06-20,31,31,20,26,26,6,26,27,17,235,1005,23,1.1,0.0,13.5,1,20,6,49019
2019-06-21,20,20,16,19,19,6,19,19,9,66,1006,11,1.8,0.0,11.4,6,47,4,49019
2019-06-22,18,18,11,13,13,6,14,15,9,298,1013,12,1.2,0.0,11.4,2,51,3,49019
2019-06-23,21,21,11,16,16,6,17,17,5,197,1017,7,0.0,0.0,14.5,-1,33,5,49019
2019-06-24,28,28,16,21,22,6,22,23,8,189,1012,11,0.0,0.0,14.5,-3,20,6,49019
2019-06-25,31,31,19,25,24,6,24,26,9,165,1010,13,0.0,0.0,10.4,-5,14,6,49019
2019-06-26,31,31,20,26,25,6,25,27,11,183,1011,16,0.0,0.0,14.5,-6,13,7,49019
2019-06-27,32,32,19,26,25,6,25,27,11,206,1014,15,0.0,0.0,14.5,-4,14,7,49019
2019-06-28,34,34,20,27,27,6,27,29,10,189,1014,14,0.0,0.0,14.5,-3,14,7,49019
2019-06-29,34,34,21,28,27,6,27,29,9,182,1015,13,0.0,0.0,13.5,1,19,6,49019
2019-06-30,33,33,25,28,28,5,28,29,12,221,1016,16,6.4,0.0,11.4,7,31,6,49019
2019-07-01,29,29,18,23,24,6,24,24,6,151,1014,8,5.9,0.0,14.5,9,44,6,49019
2019-07-02,33,33,22,28,27,6,27,28,9,184,1009,13,0.2,0.0,13.5,2,20,7,49019
2019-07-03,33,33,22,28,26,6,26,29,12,196,1007,17,0.0,0.0,14.5,-4,12,7,49019
2019-07-04,32,32,21,27,26,6,26,28,11,198,1009,17,0.0,0.0,14.5,-4,13,7,49019
2019-07-05,31,31,20,26,25,6,25,26,6,229,1014,9,0.0,0.0,14.5,-2,16,7,49019
2019-07-06,34,34,21,28,27,6,27,29,10,165,1015,15,0.0,0.0,14.5,-2,15,7,49019
2019-07-07,29,29,21,25,25,6,25,26,9,133,1014,13,0.0,0.0,14.5,7,31,7,49019
2019-07-08,32,32,20,26,25,6,25,28,12,202,1010,16,0.0,0.0,14.5,0,23,7,49019
2019-07-09,31,31,21,26,25,6,25,27,7,241,1014,10,0.0,0.0,11.6,-6,12,7,49019
2019-07-10,33,33,21,27,26,6,26,28,6,183,1017,9,0.0,0.0,11.6,-5,12,7,49019
2019-07-11,36,36,23,29,28,6,28,31,9,160,1016,13,0.1,0.0,11.6,-2,13,8,49019
2019-07-12,34,34,23,28,28,6,28,29,7,188,1014,10,0.1,0.0,11.6,3,20,7,49019
2019-07-13,32,32,23,28,28,6,28,29,6,214,1014,8,0.1,0.0,11.6,6,24,7,49019
2019-07-14,33,33,21,27,28,6,28,28,9,190,1016,12,1.1,0.0,11.6,9,35,7,49019
2019-07-15,34,34,23,29,28,6,28,30,7,240,1013,10,0.1,0.0,11.6,7,27,7,49019
2019-07-16,36,36,25,31,30,6,30,32,10,215,1009,14,0.0,0.0,11.6,2,16,8,49019
2019-07-17,35,35,24,29,29,6,29,31,12,237,1010,19,0.0,0.0,11.6,-3,12,8,49019
2019-07-18,33,33,22,28,27,6,27,29,7,230,1011,11,0.0,0.0,11.6,-7,10,7,49019
2019-07-19,35,35,22,29,28,6,28,30,7,214,1009,11,0.0,0.0,11.6,-2,13,8,49019
2019-07-20,35,35,26,31,30,6,30,32,9,201,1009,13,0.1,0.0,11.6,-3,13,8,49019
2019-07-21,35,35,23,29,28,6,28,30,5,181,1012,8,0.0,0.0,11.6,-4,12,7,49019
2019-07-22,36,36,25,30,29,6,29,31,7,191,1014,9,0.0,0.0,11.6,-1,14,8,49019
2019-07-23,33,33,23,27,28,6,28,28,7,202,1017,10,0.0,0.0,11.6,9,31,7,49019
2019-07-24,32,32,24,27,27,5,27,28,8,250,1017,10,1.0,0.0,9.4,11,36,6,49019
2019-07-25,31,31,23,26,27,5,27,27,6,245,1016,8,6.6,0.0,9.4,12,42,6,49019
2019-07-26,32,32,23,28,28,6,28,28,7,229,1016,9,0.5,0.0,11.6,12,40,7,49019
2019-07-27,32,32,22,27,27,6,27,28,5,227,1016,7,0.5,0.0,11.6,10,36,7,49019
2019-07-28,31,31,23,27,27,6,27,28,7,183,1017,10,0.0,0.0,11.6,8,31,7,49019
2019-07-29,35,35,23,29,28,6,28,30,7,188,1014,10,0.0,0.0,11.6,1,17,8,49019
2019-07-30,34,34,26,30,28,6,28,30,9,178,1013,13,0.0,0.0,11.6,5,22,8,49019
2019-07-31,33,33,24,28,28,6,28,29,9,194,1015,13,0.6,0.0,11.6,10,35,7,49019
2019-08-01,30,30,22,25,27,6,27,26,6,267,1016,8,0.6,0.0,11.6,11,42,7,49019
2019-08-02,33,33,23,28,28,6,28,29,6,128,1016,9,0.0,0.0,11.6,7,27,7,49019
2019-08-03,34,34,25,29,29,6,29,30,9,65,1014,14,0.0,0.0,11.6,6,24,8,49019
2019-08-04,32,32,24,28,28,5,28,29,5,176,1017,7,3.0,0.0,10.5,11,37,6,49019
2019-08-05,32,32,21,25,26,5,26,26,7,184,1016,9,3.5,0.0,11.6,12,46,7,49019
2019-08-06,35,35,25,30,29,6,29,31,7,174,1013,10,0.3,0.0,11.6,6,23,8,49019
2019-08-07,32,32,24,29,28,6,28,29,9,229,1013,12,0.9,0.0,11.6,10,34,7,49019
2019-08-08,30,30,20,24,25,6,25,25,8,173,1013,11,0.0,0.0,11.6,11,46,7,49019
2019-08-09,32,32,24,28,28,6,28,28,6,240,1012,8,0.0,0.0,11.6,7,29,7,49019
2019-08-10,32,32,24,27,27,6,27,28,9,177,1012,12,0.1,0.0,10.4,9,33,6,49019
2019-08-11,31,31,24,27,27,6,27,28,9,216,1012,12,0.0,0.0,11.6,6,27,7,49019
2019-08-12,31,31,21,26,25,6,25,27,4,215,1014,6,0.0,0.0,11.6,-3,15,7,49019
2019-08-13,32,32,22,26,26,6,26,28,6,173,1016,9,0.1,0.0,11.6,-3,14,7,49019
2019-08-14,34,34,23,29,27,6,27,30,5,177,1016,7,0.1,0.0,11.6,-1,16,7,49019
2019-08-15,34,34,22,29,28,6,28,30,5,199,1014,7,0.0,0.0,11.6,-3,13,7,49019
2019-08-16,35,35,24,30,28,6,28,31,10,229,1010,13,0.0,0.0,11.6,-3,12,8,49019
2019-08-17,34,34,23,29,27,6,27,30,10,258,1008,15,0.0,0.0,11.6,-3,13,8,49019
2019-08-18,34,34,22,29,27,6,27,30,9,232,1010,13,0.0,0.0,11.6,-2,14,8,49019
2019-08-19,34,34,22,28,27,6,27,30,7,183,1013,10,0.0,0.0,11.6,-3,13,7,49019
2019-08-20,34,34,22,28,27,6,27,29,4,168,1013,6,0.0,0.0,11.6,-4,13,7,49019
2019-08-21,35,35,22,29,28,6,28,30,6,185,1011,10,0.0,0.0,11.6,-3,13,8,49019
2019-08-22,34,34,23,29,28,6,28,29,10,186,1008,14,0.0,0.0,11.6,0,17,7,49019
2019-08-23,33,33,21,28,27,6,27,29,8,224,1009,13,0.0,0.0,11.6,-6,11,7,49019
2019-08-24,34,34,22,28,28,6,28,30,7,254,1011,11,0.0,0.0,11.6,0,17,7,49019
2019-08-25,35,35,23,29,28,6,28,30,10,249,1011,14,0.0,0.0,11.6,1,17,8,49019
2019-08-26,32,32,22,28,27,6,27,29,6,302,1011,9,0.0,0.0,11.6,-1,17,7,49019
2019-08-27,31,31,18,25,24,6,24,25,5,166,1014,8,0.0,0.0,11.6,-8,11,7,49019
2019-08-28,33,33,19,25,25,6,25,27,5,153,1015,8,0.0,0.0,11.6,-8,11,7,49019
2019-08-29,33,33,21,27,26,6,26,28,7,190,1014,10,0.0,0.0,11.6,2,22,7,49019
2019-08-30,34,34,21,28,28,6,28,29,5,207,1014,7,0.0,0.0,11.6,4,25,7,49019
2019-08-31,34,34,21,27,27,6,27,28,6,173,1013,10,0.0,0.0,11.6,1,20,7,49019
2019-09-01,35,35,22,29,28,6,28,30,6,213,1014,8,0.0,0.0,11.6,-1,15,8,49019
2019-09-02,34,34,22,28,27,6,27,29,5,205,1015,8,0.0,0.0,11.6,-1,16,7,49019
2019-09-03,34,34,21,28,27,6,27,29,4,191,1014,6,0.0,0.0,11.6,3,20,7,49019
2019-09-04,34,34,23,28,27,6,27,29,5,176,1015,8,1.5,0.0,9.0,5,24,6,49019
2019-09-05,32,32,21,26,27,6,27,27,8,192,1018,12,1.3,0.0,11.6,8,33,7,49019
2019-09-06,33,33,23,28,28,6,28,29,10,165,1016,15,0.0,0.0,11.6,7,28,7,49019
2019-09-07,31,31,21,26,26,6,26,27,5,249,1014,7,0.8,0.0,11.6,7,32,7,49019
2019-09-08,31,31,22,26,25,6,25,27,14,197,1007,19,0.1,0.0,10.3,2,23,6,49019
2019-09-09,28,28,17,23,23,6,23,24,6,244,1010,10,0.0,0.0,11.6,-1,23,6,49019
2019-09-10,27,27,19,23,23,6,23,24,12,207,1009,17,2.4,0.0,9.0,2,25,5,49019
2019-09-11,25,25,18,21,21,6,21,22,15,239,1013,20,4.6,0.0,9.0,2,31,5,49019
2019-09-12,21,21,13,17,17,6,17,18,5,183,1022,7,0.0,0.0,11.6,0,31,5,49019
2019-09-13,25,25,15,19,19,6,20,20,4,182,1021,6,0.0,0.0,11.6,-2,24,6,49019
2019-09-14,28,28,17,22,22,6,22,23,3,174,1018,5,0.0,0.0,11.6,-5,17,6,49019
2019-09-15,0,0,0,20,20,6,20,0,16,0,1016,24,0.0,0.0,11.6,9,49,2,49019
2019-09-16,28,28,0,22,22,6,22,11,9,192,1014,12,0.0,0.0,11.6,7,42,4,49019
2019-09-17,27,27,19,23,23,6,23,24,14,215,1011,20,0.0,0.0,11.6,1,27,6,49019
2019-09-18,26,26,16,21,21,6,21,22,9,192,1012,13,0.0,0.0,11.6,-3,20,6,49019
2019-09-19,28,28,18,23,23,6,23,25,13,199,1008,20,0.0,0.0,11.6,1,24,6,49019
2019-09-20,23,23,17,20,20,6,20,21,13,238,1009,19,0.0,0.0,11.6,-5,21,6,49019
2019-09-21,21,21,11,16,16,6,16,17,5,288,1016,7,0.0,0.0,11.6,-3,28,5,49019
2019-09-22,22,22,10,16,16,6,17,17,3,255,1017,5,0.0,0.0,11.6,-4,25,5,49019
2019-09-23,26,26,15,20,20,6,19,21,8,192,1016,12,0.0,0.0,8.8,-4,20,5,49019
2019-09-24,25,25,14,19,19,6,19,20,4,255,1016,7,0.0,0.0,11.6,5,44,5,49019
2019-09-25,27,27,15,21,21,6,21,23,3,218,1013,4,0.0,0.0,11.6,-1,24,6,49019
2019-09-26,28,28,17,22,22,6,22,24,9,197,1011,13,0.3,0.0,10.2,2,27,5,49019
2019-09-27,27,27,16,21,21,6,21,22,8,225,1006,12,0.4,0.0,11.6,5,38,6,49019
2019-09-28,27,27,17,22,22,6,22,23,16,204,1002,23,0.8,0.0,8.8,5,35,5,49019
2019-09-29,23,23,16,19,19,6,20,20,20,219,1002,28,0.3,0.0,8.8,1,31,5,49019
2019-09-30,23,23,13,17,17,6,18,19,13,224,1007,18,0.0,0.0,11.6,-8,19,5,49019
2019-10-01,21,21,10,16,16,6,16,17,11,213,1008,16,0.0,0.0,11.6,-11,15,5,49019
2019-10-02,20,20,9,14,14,6,15,15,7,245,1015,12,0.0,0.0,11.6,-12,17,5,49019
2019-10-03,24,24,9,16,16,6,17,18,7,150,1015,12,0.0,0.0,11.4,-11,16,5,49019
2019-10-04,25,25,12,19,19,6,19,20,13,222,1012,19,0.0,0.0,10.1,-8,18,5,49019
2019-10-05,17,17,7,12,12,6,12,13,4,179,1020,6,0.0,0.0,11.4,-12,18,4,49019
2019-10-06,17,17,8,12,12,6,13,14,8,123,1024,11,0.0,0.0,11.3,-12,18,4,49019
2019-10-07,20,20,5,12,12,6,13,14,4,196,1021,6,0.0,0.0,11.3,-13,18,4,49019
2019-10-08,23,23,8,16,16,6,16,17,4,167,1012,6,0.0,0.0,11.3,-10,16,5,49019
2019-10-09,25,25,12,18,18,6,18,19,16,223,1004,22,0.0,0.0,10.1,-8,19,4,49019
2019-10-10,9,9,3,2,2,6,6,6,16,314,1021,21,0.0,0.0,11.2,-16,20,3,49019
2019-10-11,9,9,-1,1,1,6,4,4,5,125,1028,8,0.0,0.0,11.2,-17,23,2,49019
2019-10-12,14,14,-1,6,6,6,7,8,3,177,1019,4,0.0,0.0,11.2,-18,16,3,49019
2019-10-13,17,17,3,10,10,6,10,12,3,185,1015,5,0.0,0.0,11.2,-17,14,4,49019
2019-10-14,20,20,6,13,13,6,13,15,3,219,1013,5,0.0,0.0,11.1,-12,18,4,49019
2019-10-15,20,20,6,13,13,6,13,14,2,169,1019,4,0.0,0.0,11.1,-13,17,4,49019
2019-10-16,23,23,7,14,14,6,14,16,3,132,1019,5,0.0,0.0,11.1,-13,14,5,49019
2019-10-17,24,24,9,17,17,6,17,18,10,181,1007,15,0.0,0.0,8.6,-6,21,4,49019
2019-10-18,15,15,10,12,12,6,13,12,11,209,1009,16,0.0,0.0,11.0,-6,29,4,49019
2019-10-19,18,18,3,11,11,6,11,12,7,188,1011,11,0.0,0.0,10.1,-8,28,3,49019
2019-10-20,10,10,3,3,3,6,6,7,13,293,1016,18,0.0,0.0,11.0,-9,35,3,49019
2019-10-21,12,12,1,5,5,6,6,8,5,261,1020,7,0.0,0.0,11.0,-9,33,3,49019
2019-10-22,0,0,9,9,9,6,9,0,2,0,1020,5,0.0,0.0,11.0,-1,49,2,49019
2019-10-23,17,17,5,10,10,6,11,12,8,271,1019,11,0.0,0.0,10.9,-4,43,4,49019
2019-10-24,9,9,-1,3,3,6,4,5,4,257,1028,6,0.0,0.0,10.9,-9,39,2,49019
2019-10-25,13,13,2,5,5,6,7,8,5,119,1027,8,0.0,0.0,10.9,-12,25,3,49019
2019-10-26,18,18,3,9,9,6,11,12,3,189,1011,5,0.0,0.0,10.9,-9,29,4,49019
2019-10-27,10,10,1,4,4,5,6,6,7,165,1009,11,0.2,0.2,10.8,-6,43,3,49019
2019-10-28,3,3,-4,-3,-3,5,0,0,6,153,1020,8,0.2,0.2,10.8,-15,32,2,49019
2019-10-29,4,4,-3,-2,-2,5,2,2,10,246,1015,14,0.3,0.2,6.9,-14,33,1,49019
2019-10-30,-3,-3,-10,-12,-12,6,-7,-6,9,56,1036,12,0.0,0.0,10.8,-20,35,2,49019
2019-10-31,3,3,-9,-8,-8,6,-4,-3,5,120,1035,8,0.0,0.0,10.7,-20,31,2,49019
2019-11-01,10,10,-6,-1,-1,6,1,3,3,39,1029,5,0.0,0.0,10.7,-21,20,2,49019
2019-11-02,11,11,-3,1,1,6,2,4,3,112,1028,5,0.0,0.0,10.7,-12,38,2,49019
2019-11-03,14,14,-1,5,5,6,6,7,3,178,1020,5,0.0,0.0,10.7,-11,34,3,49019
2019-11-04,16,16,2,9,9,6,9,10,2,226,1017,3,0.0,0.0,10.7,-11,27,4,49019
2019-11-05,16,16,3,9,9,6,10,11,2,179,1020,4,0.0,0.0,10.6,-7,38,4,49019
2019-11-06,16,16,3,8,8,6,10,11,3,122,1019,6,0.0,0.0,10.6,-5,43,4,49019
2019-11-07,17,17,3,9,9,6,10,11,3,184,1023,4,0.0,0.0,10.6,-5,44,4,49019
2019-11-08,16,16,3,9,9,6,10,10,2,121,1026,4,0.0,0.0,10.6,-6,42,4,49019
2019-11-09,17,17,4,9,9,6,10,11,2,193,1022,4,0.0,0.0,10.6,-7,37,4,49019
2019-11-10,18,18,4,11,11,6,11,12,2,225,1017,4,0.0,0.0,10.0,-7,34,3,49019
2019-11-11,13,13,5,7,7,6,9,10,9,58,1021,14,0.0,0.0,10.5,-8,31,3,49019
2019-11-12,11,11,-2,3,3,6,5,5,3,185,1025,6,0.0,0.0,10.5,-14,29,3,49019
2019-11-13,13,13,0,6,6,6,7,7,2,176,1019,3,0.0,0.0,10.5,-15,23,3,49019
2019-11-14,15,15,2,7,7,6,8,9,3,64,1021,5,0.0,0.0,10.1,-9,32,3,49019
2019-11-15,16,16,6,10,10,6,11,11,3,193,1020,5,0.0,0.0,10.0,-9,27,4,49019
2019-11-16,16,16,5,9,9,6,10,11,4,272,1019,7,0.0,0.0,10.0,-9,29,4,49019
2019-11-17,13,13,1,6,6,6,6,7,2,197,1023,4,0.0,0.0,10.0,-6,47,3,49019
2019-11-18,15,15,3,8,8,6,9,9,2,64,1018,4,0.0,0.0,10.0,-5,43,3,49019
2019-11-19,18,18,3,8,8,6,9,11,6,152,1009,10,0.6,0.0,10.0,-2,50,4,49019
2019-11-20,14,14,8,8,8,5,10,11,8,161,1002,11,18.5,0.0,5.0,5,72,3,49019
2019-11-21,10,10,7,7,7,5,8,8,6,166,1009,8,14.4,0.0,9.9,2,65,2,49019
2019-11-22,10,10,5,5,5,6,7,7,5,249,1019,8,0.1,0.0,9.9,0,62,3,49019
2019-11-23,8,8,2,4,4,6,4,5,2,156,1025,4,0.0,0.0,8.7,-3,62,2,49019
2019-11-24,9,9,1,4,4,6,4,5,2,212,1021,3,0.0,0.0,8.7,-3,61,2,49019
2019-11-25,8,8,2,2,2,6,4,5,7,196,1007,10,0.0,0.0,8.7,-7,46,3,49019
2019-11-26,2,2,-2,-5,-5,4,0,0,10,189,1011,13,1.3,0.9,7.0,-11,47,1,49019
2019-11-27,4,4,-2,0,0,6,3,3,9,108,1005,16,0.0,0.0,7.0,-5,54,2,49019
2019-11-28,9,9,3,1,1,6,5,6,13,150,1005,21,0.0,0.0,8.7,0,73,3,49019
2019-11-29,6,6,0,0,0,4,5,5,19,199,1000,28,7.2,0.0,5.3,0,72,2,49019
2019-11-30,3,3,-2,-5,-5,6,0,0,11,247,1019,16,0.0,0.0,8.7,-8,54,2,49019
2019-12-01,3,3,-2,-3,-3,6,-1,0,4,69,1029,6,0.0,0.0,8.7,-9,54,2,49019
2019-12-02,4,4,-2,0,0,6,0,1,2,170,1028,3,0.0,0.0,7.0,-9,52,1,49019
2019-12-03,5,5,-1,1,1,6,1,2,2,181,1025,3,0.0,0.0,8.7,-8,51,2,49019
2019-12-04,7,7,0,3,3,6,3,4,2,43,1019,4,1.1,0.0,7.0,-5,57,1,49019
2019-12-05,7,7,3,3,3,5,4,4,4,259,1018,6,7.6,0.0,5.2,1,83,1,49019
2019-12-06,7,7,2,2,2,6,3,4,3,67,1027,5,0.0,0.0,8.7,-1,77,2,49019
2019-12-07,9,9,1,4,4,6,4,5,2,119,1023,4,0.0,0.0,8.7,-1,69,2,49019
2019-12-08,8,8,5,5,5,6,6,6,3,180,1013,5,1.0,0.0,5.2,1,70,2,49019
2019-12-09,7,7,1,1,1,6,3,3,6,285,1017,10,0.0,0.0,8.7,-4,59,2,49019
2019-12-10,6,6,-1,1,1,6,2,2,3,298,1025,5,0.0,0.0,8.7,-6,59,2,49019
2019-12-11,6,6,-1,1,1,6,1,2,2,174,1025,3,0.0,0.0,7.0,-5,63,1,49019
2019-12-12,8,8,0,2,2,6,2,4,1,219,1023,2,0.0,0.0,8.7,-4,63,2,49019
2019-12-13,8,8,2,3,3,6,4,5,4,164,1019,7,0.0,0.0,7.0,-2,63,2,49019
2019-12-14,10,10,2,4,4,6,5,6,6,190,1007,10,0.4,0.0,8.7,-1,67,2,49019
2019-12-15,0,0,-2,-4,-4,6,-2,0,3,0,1019,6,0.0,0.5,7.0,-12,44,2,49019
2019-12-16,1,1,-4,-5,-5,6,-2,-2,5,210,1029,7,0.0,0.0,8.7,-13,44,2,49019
2019-12-17,0,0,-5,-5,-5,6,-4,-3,3,65,1038,5,0.0,0.0,8.7,-14,44,2,49019
2019-12-18,1,1,-5,-5,-5,6,-3,-3,3,54,1031,5,0.0,0.0,7.0,-15,40,1,49019
2019-12-19,2,2,-4,-3,-3,6,-2,-2,3,233,1024,4,0.0,0.0,5.2,-15,37,1,49019
2019-12-20,5,5,-4,-1,-1,6,0,1,2,73,1032,4,0.0,0.0,8.7,-12,45,2,49019
2019-12-21,5,5,-2,0,0,6,0,1,2,129,1031,3,0.0,0.0,8.7,-10,49,2,49019
2019-12-22,4,4,-2,0,0,6,1,1,2,325,1026,3,0.0,0.0,4.8,-10,47,1,49019
2019-12-23,4,4,-2,0,0,6,1,2,2,290,1018,4,0.0,0.0,8.2,-10,45,1,49019
2019-12-24,5,5,-1,0,0,4,2,3,4,79,1011,7,3.9,2.8,6.5,-3,73,1,49019
2019-12-25,4,4,0,-1,-1,4,2,3,8,192,1009,12,4.6,3.7,8.2,-2,75,1,49019
2019-12-26,3,3,-2,-1,-1,4,0,1,3,144,1019,5,2.6,2.2,9.7,-3,81,1,49019
2019-12-27,0,0,-2,-4,-4,2,-1,-1,6,147,1014,9,8.9,7.6,4.8,-3,89,1,49019
2019-12-28,-1,-1,-6,-7,-7,3,-3,-3,6,164,1016,11,9.1,7.7,6.5,-6,82,1,49019
2019-12-29,-6,-6,-9,-9,-9,6,-8,-8,3,144,1026,6,0.0,0.0,9.7,-12,70,2,49019
2019-12-30,-5,-5,-10,-12,-12,6,-8,-8,5,63,1030,8,0.0,0.0,9.7,-12,74,2,49019
2019-12-31,-6,-6,-11,-11,-11,6,-9,-9,2,81,1030,4,0.0,0.0,9.7,-13,75,2,49019
2020-01-01,-4,-4,-9,-8,-8,5,-7,-6,2,149,1021,4,0.2,0.2,8.2,-9,81,1,49019
2020-01-02,-2,-2,-7,-6,-6,5,-5,-4,2,222,1017,4,0.2,0.2,9.7,-7,87,2,49019
2020-01-03,-2,-2,-6,-6,-6,6,-4,-4,3,73,1030,5,0.0,0.0,9.7,-7,84,2,49019
2020-01-04,0,0,-4,-4,-4,6,-3,-2,2,178,1033,4,0.0,0.0,9.7,-6,78,2,49019
2020-01-05,-1,-1,-5,-4,-4,6,-3,-3,2,228,1031,4,0.0,0.0,9.7,-5,85,2,49019
2020-01-06,-1,-1,-4,-4,-4,6,-3,-2,2,96,1037,5,0.0,0.0,9.7,-5,85,2,49019
2020-01-07,0,0,-4,-4,-4,6,-3,-2,3,52,1033,5,0.0,0.0,9.8,-7,75,2,49019
2020-01-08,-1,-1,-4,-4,-4,6,-3,-2,3,292,1018,5,0.0,0.0,9.8,-6,76,2,49019
2020-01-09,0,0,-3,-3,-3,6,-2,-2,2,131,1015,4,0.0,0.0,9.8,-6,77,2,49019
2020-01-10,-3,-3,-6,-6,-6,6,-4,-4,3,294,1025,5,0.0,0.0,9.8,-9,70,2,49019
2020-01-11,-4,-4,-7,-8,-8,6,-6,-5,3,127,1024,5,0.0,0.0,9.8,-11,69,2,49019
2020-01-12,-3,-3,-7,-7,-7,6,-5,-5,2,63,1022,4,0.0,0.0,9.8,-9,76,1,49019
2020-01-13,0,0,-5,-5,-5,6,-3,-3,3,216,1020,5,0.0,0.0,9.8,-6,82,2,49019
2020-01-14,2,2,-4,-3,-3,6,-2,-1,3,271,1018,6,0.0,0.0,9.8,-5,75,2,49019
2020-01-15,1,1,-4,-3,-3,6,-2,-1,3,128,1025,5,0.0,0.0,9.8,-6,72,2,49019
2020-01-16,1,1,-5,-3,-3,6,-2,-1,2,300,1024,4,0.0,0.0,9.9,-5,76,1,49019
2020-01-17,2,2,-2,-3,-3,5,0,0,8,273,1021,13,3.6,1.4,8.3,-5,71,1,49019
2020-01-18,-1,-1,-5,-4,-4,6,-3,-3,2,40,1034,4,0.0,0.0,9.9,-8,68,2,49019
2020-01-19,-1,-1,-5,-5,-5,6,-4,-3,2,173,1035,4,0.0,0.0,9.9,-8,71,2,49019
2020-01-20,0,0,-5,-4,-4,6,-3,-2,3,32,1032,5,0.0,0.0,9.9,-6,79,2,49019
2020-01-21,0,0,-2,-2,-2,4,-1,-1,2,235,1023,4,0.8,0.7,5.0,-2,92,1,49019
2020-01-22,0,0,-3,-2,-2,2,-1,-1,2,268,1022,4,0.1,0.1,5.0,-1,96,1,49019
2020-01-23,1,1,-2,-1,-1,6,0,0,2,122,1027,3,0.0,0.0,8.3,-2,90,1,49019
2020-01-24,-1,-1,-5,-4,-4,3,-2,-2,2,282,1024,4,0.0,0.0,5.0,-3,94,1,49019
2020-01-25,0,0,-2,-1,-1,4,-1,-1,2,52,1024,3,0.0,0.0,8.3,-2,90,1,49019
2020-01-26,1,1,-2,-2,-2,6,0,0,3,110,1024,4,0.0,0.0,8.3,-3,85,1,49019
2020-01-27,2,2,-2,-1,-1,4,0,1,3,281,1022,4,0.1,0.1,8.3,-1,91,1,49019
2020-01-28,1,1,-3,-4,-4,5,-2,-2,3,71,1027,5,0.2,0.2,10.0,-3,88,1,49019
2020-01-29,1,1,-3,-3,-3,4,-1,-1,3,247,1022,5,0.2,0.2,10.0,-3,91,1,49019
2020-01-30,0,0,-3,-2,-2,6,-2,-1,2,91,1025,3,0.0,0.0,10.0,-4,83,1,49019
2020-01-31,0,0,-4,-3,-3,6,-2,-2,2,64,1032,4,0.0,0.0,10.1,-5,79,2,49019
2020-02-01,2,2,-3,-2,-2,6,-1,-1,2,48,1033,4,0.0,0.0,10.1,-6,73,2,49019
2020-02-02,1,1,-3,-1,-1,6,-1,-1,1,263,1018,3,0.0,0.0,10.2,-4,79,2,49019
2020-02-03,3,3,-6,-7,-7,5,-2,-2,11,295,1005,18,0.3,0.2,6.7,-9,58,1,49019
2020-02-04,-6,-6,-9,-13,-13,5,-7,-7,8,41,1024,12,0.1,0.1,10.0,-14,56,1,49019
2020-02-05,-7,-7,-12,-13,-13,6,-9,-9,4,64,1026,6,0.0,0.0,10.2,-16,60,2,49019
2020-02-06,-1,-1,-8,-7,-7,6,-5,-5,3,164,1018,5,0.0,0.0,10.3,-11,65,2,49019
2020-02-07,6,6,-1,0,0,6,2,3,5,226,1016,10,0.0,0.0,10.3,-3,68,2,49019
2020-02-08,8,8,1,2,2,6,3,4,3,90,1013,6,0.0,0.0,10.3,-1,74,2,49019
2020-02-09,2,2,-1,-2,-2,6,1,1,8,54,1017,11,0.0,0.0,10.3,-5,64,2,49019
2020-02-10,2,2,-2,-2,-2,6,0,0,3,109,1021,6,0.0,0.0,10.3,-9,53,2,49019
2020-02-11,1,1,-3,-5,-5,6,-2,-1,6,174,1024,9,0.0,0.0,10.0,-13,44,1,49019
2020-02-12,3,3,-3,-1,-1,6,-1,0,1,126,1020,2,0.0,0.0,10.4,-12,44,2,49019
2020-02-13,4,4,-1,0,0,6,1,2,2,262,1022,4,0.0,0.0,10.4,-8,51,2,49019
2020-02-14,7,7,-1,1,1,6,2,3,3,200,1020,6,0.0,0.0,10.4,-7,52,2,49019
2020-02-15,8,8,2,3,3,6,4,5,2,230,1019,4,0.1,0.0,8.4,-6,50,1,49019
2020-02-16,9,9,1,4,4,6,5,6,2,231,1016,4,0.0,0.0,10.5,-5,50,3,49019
2020-02-17,7,7,2,2,2,6,4,5,6,301,1017,10,0.0,0.0,10.5,-4,57,2,49019
2020-02-18,2,2,-1,-1,-1,6,0,1,4,210,1025,6,0.0,0.0,10.5,-11,43,2,49019
2020-02-19,4,4,-1,0,0,6,2,2,4,101,1024,7,0.0,0.0,10.1,-11,41,1,49019
2020-02-20,2,2,-3,-6,-6,6,-1,-1,8,123,1036,12,0.0,0.0,11.0,-17,29,2,49019
2020-02-21,5,5,-3,0,0,6,0,2,3,238,1030,5,0.0,0.0,11.0,-12,38,2,49019
2020-02-22,8,8,0,2,2,5,3,4,3,196,1020,6,5.8,0.0,8.6,-5,56,1,49019
2020-02-23,7,7,2,2,2,5,4,4,8,277,1015,11,11.8,0.0,10.1,1,83,1,49019
2020-02-24,5,5,0,-2,-2,6,3,4,14,323,1022,22,0.0,0.0,11.5,-10,44,2,49019
2020-02-25,2,2,-2,-6,-6,6,0,0,14,55,1032,19,0.0,0.0,10.1,-13,39,1,49019
2020-02-26,2,2,-5,-4,-4,6,-1,-1,4,193,1035,6,0.0,0.0,11.5,-15,34,2,49019
2020-02-27,6,6,-1,1,1,6,2,3,2,191,1030,3,0.0,0.0,11.6,-11,38,2,49019
2020-02-28,9,9,1,4,4,6,4,6,3,130,1028,5,0.0,0.0,10.1,-8,43,2,49019
2020-02-29,11,11,2,6,6,6,7,8,2,189,1017,3,0.0,0.0,8.7,-6,41,2,49019
2020-03-01,13,13,5,7,7,6,9,9,9,189,1007,12,0.0,0.0,7.3,-5,39,2,49019
2020-03-02,8,8,2,4,4,6,6,5,5,173,1014,6,0.1,0.0,11.6,-2,62,3,49019
2020-03-03,10,10,1,5,5,6,6,6,5,340,1018,7,0.0,0.0,11.6,-6,45,3,49019
2020-03-04,11,11,1,5,5,6,7,7,4,179,1021,6,0.0,0.0,11.6,-4,48,3,49019
2020-03-05,14,14,4,8,8,6,8,9,4,67,1026,6,0.0,0.0,11.6,-4,41,3,49019
2020-03-06,15,15,6,9,9,6,10,10,5,138,1023,9,0.0,0.0,11.6,-4,38,4,49019
2020-03-07,16,16,8,11,11,6,12,13,9,170,1013,14,0.0,0.0,11.6,-2,39,4,49019
2020-03-08,13,13,6,9,9,6,11,11,9,226,1011,14,0.4,0.0,8.7,-1,47,3,49019
2020-03-09,13,13,3,7,7,6,8,9,6,182,1017,10,0.1,0.0,11.6,-1,59,3,49019
2020-03-10,14,14,7,9,9,6,10,11,6,230,1020,10,0.0,0.0,10.2,-3,40,3,49019
2020-03-11,13,13,6,8,8,6,10,10,7,190,1018,11,0.2,0.0,8.8,3,65,3,49019
2020-03-12,14,14,5,9,9,6,9,10,3,210,1013,4,0.3,0.0,11.6,3,68,3,49019
2020-03-13,11,11,6,7,7,5,9,9,10,159,1006,15,18.7,0.0,6.0,2,64,2,49019
2020-03-14,12,12,5,6,6,6,9,9,11,191,1016,16,0.5,0.0,6.0,0,56,2,49019
2020-03-15,15,15,6,9,9,6,10,12,9,183,1017,14,0.1,0.0,11.6,0,53,4,49019
2020-03-16,15,15,6,10,10,6,11,11,5,160,1015,8,0.0,0.0,11.6,-3,38,4,49019
2020-03-17,16,16,8,11,11,6,12,13,10,193,1009,14,0.0,0.0,10.2,-3,35,3,49019
2020-03-18,13,13,7,7,7,5,10,10,10,199,1006,14,4.2,0.0,7.4,-1,51,2,49019
2020-03-19,11,11,3,4,4,4,7,7,11,224,1008,15,31.8,12.9,8.8,1,66,2,49019
2020-03-20,11,11,4,5,5,6,7,8,9,198,1021,13,0.2,0.0,7.4,-3,49,2,49019
2020-03-21,9,9,3,4,4,6,6,6,6,141,1020,9,0.0,0.0,7.4,-2,54,2,49019
2020-03-22,11,11,4,6,6,6,8,8,5,228,1018,7,0.0,0.0,11.6,-3,51,3,49019
2020-03-23,11,11,6,7,7,6,8,8,5,176,1014,9,0.0,0.0,8.8,-2,47,2,49019
2020-03-24,13,13,4,7,7,6,9,10,11,194,1015,16,0.0,0.0,11.6,-1,54,3,49019
2020-03-25,14,14,7,8,8,6,11,12,15,215,1008,22,0.0,0.0,10.2,-4,36,3,49019
2020-03-26,11,11,7,5,5,6,9,10,20,217,1005,28,0.0,0.0,11.6,-7,33,3,49019
2020-03-27,7,7,3,1,1,6,5,5,13,276,1009,18,0.1,0.0,6.1,-9,35,2,49019
2020-03-28,8,8,0,1,1,6,4,5,6,274,1018,9,0.0,0.0,11.6,-9,36,2,49019
2020-03-29,10,10,5,6,6,6,8,8,6,159,1017,9,0.0,0.0,6.2,-6,39,2,49019
2020-03-30,13,13,5,7,7,5,9,8,7,283,1018,9,0.6,0.0,10.2,-1,52,2,49019
2020-03-31,18,18,6,11,11,6,12,13,8,186,1016,11,0.0,0.0,11.6,-3,34,4,49019
2020-04-01,20,20,9,14,14,6,15,15,11,202,1004,16,0.0,0.0,10.3,-2,34,4,49019
2020-04-02,9,9,-1,4,4,5,6,5,10,205,1009,15,5.1,1.5,8.9,-4,50,1,49019
2020-04-03,8,8,-1,2,2,6,4,4,4,180,1017,6,0.0,0.0,10.3,-12,31,1,49019
2020-04-04,16,16,5,9,9,6,10,11,6,170,1008,9,0.0,0.0,11.6,-9,26,4,49019
2020-04-05,18,18,10,12,12,6,14,14,14,201,1005,20,0.0,0.0,11.6,-3,32,4,49019
2020-04-06,17,17,9,13,13,6,14,15,12,199,1008,17,0.0,0.0,11.6,-5,27,4,49019
2020-04-07,18,18,10,14,14,6,14,15,11,216,1015,16,0.0,0.0,11.6,-6,25,5,49019
2020-04-08,20,20,9,14,14,6,15,15,7,67,1014,10,0.0,0.0,11.6,-7,23,5,49019
2020-04-09,15,15,9,12,12,5,13,13,8,233,1013,12,0.7,0.0,7.8,-2,37,3,49019
2020-04-10,18,18,7,13,13,6,13,14,5,196,1012,7,0.0,0.0,11.6,-9,22,4,49019
2020-04-11,18,18,8,13,13,6,14,14,8,261,1006,12,0.0,0.0,11.6,-6,25,4,49019
2020-04-12,12,12,9,8,8,6,11,11,17,301,1007,22,0.0,0.0,10.3,-10,24,3,49019
2020-04-13,10,10,2,3,3,6,6,7,12,289,1016,15,0.0,0.0,11.6,-11,31,3,49019
2020-04-14,7,7,-2,-1,-1,6,2,3,8,236,1025,10,0.0,0.0,11.6,-17,20,2,49019
2020-04-15,15,15,5,8,8,6,10,11,11,238,1015,15,0.0,0.0,11.6,-10,24,4,49019
2020-04-16,13,13,8,9,9,6,11,11,12,303,1011,15,0.6,0.0,10.3,-4,37,3,49019
2020-04-17,11,11,3,4,4,6,7,7,7,32,1018,10,0.0,0.0,9.1,-11,28,2,49019
2020-04-18,16,16,8,11,11,6,12,12,7,267,1009,10,0.2,0.0,11.6,-6,29,4,49019
2020-04-19,17,17,8,12,12,5,13,13,5,277,1011,7,3.5,0.0,10.4,-1,47,3,49019
2020-04-20,16,16,10,12,12,5,12,12,3,178,1013,5,2.6,0.0,10.4,1,46,3,49019
2020-04-21,18,18,11,14,14,6,15,15,7,269,1012,9,0.6,0.0,11.6,1,39,4,49019
2020-04-22,19,19,11,14,14,6,15,16,10,298,1015,13,0.9,0.0,11.6,1,42,5,49019
2020-04-23,18,18,12,14,14,6,15,16,12,296,1014,17,0.0,0.0,11.6,-1,33,5,49019
2020-04-24,16,16,8,11,11,6,13,12,7,259,1018,10,0.0,0.0,11.6,-4,33,4,49019
2020-04-25,20,20,9,14,14,6,15,15,5,171,1019,7,0.0,0.0,11.6,-4,28,5,49019
2020-04-26,23,23,13,18,18,6,18,19,6,176,1015,9,0.3,0.0,10.4,-2,28,4,49019
2020-04-27,25,25,11,18,18,6,18,19,8,182,1014,12,0.1,0.0,11.6,1,37,5,49019
2020-04-28,23,23,16,20,20,6,20,20,13,308,1017,18,0.0,0.0,11.6,-1,25,5,49019
2020-04-29,25,25,15,20,20,6,20,21,6,131,1019,9,0.0,0.0,11.6,-2,24,6,49019
2020-04-30,31,31,17,24,23,6,23,26,11,188,1011,14,0.0,0.0,11.6,-3,17,7,49019
2020-05-01,29,29,16,24,23,6,23,25,11,192,1009,16,0.0,0.0,11.6,-1,23,6,49019
2020-05-02,26,26,14,20,20,6,20,21,10,203,1012,13,0.0,0.0,11.6,2,35,6,49019
2020-05-03,26,26,14,20,20,6,20,22,13,196,1010,19,0.0,0.0,11.6,-2,28,6,49019
2020-05-04,20,20,13,16,16,6,17,17,11,307,1017,15,0.0,0.0,11.6,-2,32,5,49019
2020-05-05,21,21,10,16,16,6,16,17,6,170,1021,10,0.0,0.0,11.6,-8,19,5,49019
2020-05-06,27,27,13,20,20,6,19,22,8,191,1016,13,0.0,0.0,9.3,-7,17,5,49019
2020-05-07,21,21,12,17,17,6,18,18,10,315,1016,14,0.0,0.0,11.6,-9,18,5,49019
2020-05-08,21,21,8,14,14,6,16,16,6,163,1018,10,0.0,0.0,11.6,-8,21,5,49019
2020-05-09,22,22,12,17,17,6,18,18,11,181,1017,16,0.0,0.0,11.6,-6,21,5,49019
2020-05-10,27,27,12,20,20,6,19,21,8,182,1014,12,0.0,0.0,11.6,-7,16,6,49019
2020-05-11,28,28,17,22,22,6,22,23,13,170,1010,18,1.2,0.0,10.5,4,36,5,49019
2020-05-12,26,26,13,20,20,6,20,22,18,218,1006,24,1.1,0.0,10.5,-3,25,5,49019
2020-05-13,24,24,13,19,19,6,20,20,16,227,1006,22,0.0,0.0,10.5,-4,20,4,49019
2020-05-14,23,23,14,18,18,6,19,19,10,150,1010,14,0.0,0.0,11.6,-1,27,5,49019
2020-05-15,23,23,13,18,18,6,19,19,7,295,1009,9,0.0,0.0,11.6,2,34,5,49019
2020-05-16,25,25,14,19,19,6,19,20,6,175,1009,9,0.0,0.0,11.6,-1,26,6,49019
2020-05-17,28,28,17,23,23,6,23,24,12,210,1008,16,0.0,0.0,11.6,-3,19,6,49019
2020-05-18,29,29,16,24,24,6,24,25,13,203,1009,19,0.0,0.0,11.6,-7,13,6,49019
2020-05-19,28,28,16,23,23,6,23,24,18,198,1006,26,0.0,0.0,11.6,-8,13,6,49019
2020-05-20,19,19,11,14,14,6,15,16,17,228,1011,23,0.0,0.0,11.6,-9,20,5,49019
2020-05-21,20,20,8,14,14,6,15,16,6,246,1012,10,0.0,0.0,14.3,-5,29,5,49019
2020-05-22,26,26,11,19,19,6,19,21,12,186,1007,17,0.0,0.0,14.3,-10,15,6,49019
2020-05-23,19,19,11,15,15,6,16,15,14,298,1007,20,0.0,0.0,14.5,-5,24,5,49019
2020-05-24,19,19,7,13,13,6,14,14,7,242,1013,11,0.0,0.0,14.5,-5,28,4,49019
2020-05-25,21,21,8,14,14,6,15,16,5,156,1015,8,0.0,0.0,14.5,-4,28,5,49019
2020-05-26,25,25,11,19,19,6,19,20,4,242,1014,7,0.0,0.0,13.4,-4,22,5,49019
2020-05-27,29,29,16,22,22,6,22,24,7,180,1013,10,0.0,0.0,14.5,2,27,6,49019
2020-05-28,30,30,17,24,24,6,24,25,5,176,1015,8,1.0,0.0,14.5,4,30,7,49019
2020-05-29,33,33,20,27,26,6,26,28,7,218,1015,10,0.9,0.0,14.5,4,24,7,49019
2020-05-30,32,32,21,25,27,6,27,27,6,151,1014,9,1.5,0.0,13.5,7,34,7,49019
2020-05-31,32,32,19,25,25,6,25,27,11,175,1012,16,0.2,0.0,13.5,7,34,7,49019
2020-06-01,33,33,19,27,26,6,26,28,11,195,1013,16,0.0,0.0,14.5,1,23,7,49019
2020-06-02,32,32,19,26,26,6,26,27,5,177,1015,8,0.0,0.0,12.4,-2,17,6,49019
2020-06-03,33,33,19,27,26,6,26,28,5,238,1014,7,0.0,0.0,14.5,1,19,7,49019
2020-06-04,32,32,18,26,25,6,25,27,5,209,1011,7,0.1,0.0,14.5,3,26,7,49019
2020-06-05,35,35,19,27,27,6,27,28,17,158,1009,22,0.5,0.0,13.5,4,29,6,49019
2020-06-06,25,25,17,19,19,5,20,20,21,191,1006,29,14.9,0.0,10.3,7,49,4,49019
2020-06-07,25,25,15,21,21,6,21,21,21,211,1003,26,0.0,0.0,14.5,0,30,6,49019
2020-06-08,15,15,10,11,11,6,13,13,15,300,1013,18,0.0,0.0,14.5,-7,25,4,49019
2020-06-09,18,18,9,11,11,6,13,14,8,288,1021,12,0.0,0.0,14.5,-4,30,4,49019
2020-06-10,23,23,13,17,17,6,18,19,4,178,1021,6,0.0,0.0,14.5,-2,26,5,49019
2020-06-11,29,29,17,22,23,6,23,23,7,57,1021,10,0.0,0.0,14.5,-3,19,6,49019
2020-06-12,33,33,19,26,26,6,26,27,12,130,1017,18,0.0,0.0,14.5,-1,17,7,49019
2020-06-13,32,32,21,27,26,6,26,28,18,205,1009,25,0.0,0.0,14.5,-1,19,7,49019
2020-06-14,28,28,17,23,23,6,23,24,14,212,1010,21,0.0,0.0,14.5,-9,11,6,49019
2020-06-15,32,32,18,26,25,6,25,27,11,187,1011,15,0.0,0.0,14.5,-7,12,7,49019
2020-06-16,31,31,20,26,25,6,25,27,19,212,1007,26,0.0,0.0,14.5,-6,12,7,49019
2020-06-17,25,25,20,22,23,6,23,23,17,306,1009,24,0.0,0.0,14.5,-2,20,6,49019
2020-06-18,24,24,13,17,17,6,18,19,6,158,1015,9,0.0,0.0,14.5,-7,18,5,49019
2020-06-19,26,26,15,21,21,6,21,22,5,286,1012,7,0.0,0.0,14.5,-6,16,6,49019
2020-06-20,29,29,16,22,22,6,22,24,7,226,1013,10,0.0,0.0,14.5,-4,17,6,49019
2020-06-21,32,32,19,26,26,6,26,27,8,206,1011,12,0.0,0.0,14.5,0,19,7,49019
2020-06-22,32,32,21,26,27,6,27,27,10,239,1012,16,0.0,0.0,14.5,2,20,7,49019
2020-06-23,33,33,20,27,26,6,26,27,7,246,1013,11,0.0,0.0,14.5,0,20,7,49019
2020-06-24,34,34,20,28,26,6,26,29,6,233,1009,8,0.0,0.0,14.5,0,18,7,49019
2020-06-25,35,35,21,28,28,6,28,29,7,172,1008,10,0.0,0.0,14.5,2,20,7,49019
2020-06-26,32,32,19,25,25,6,25,26,12,167,1012,16,1.6,0.0,12.4,7,35,6,49019
2020-06-27,31,31,17,24,24,6,24,25,9,185,1010,12,1.5,0.0,13.5,6,36,6,49019
2020-06-28,33,33,22,28,27,6,27,30,18,221,1000,24,0.1,0.0,14.5,2,20,7,49019
2020-06-29,26,26,19,23,23,6,23,24,21,242,1002,28,0.0,0.0,13.5,3,27,5,49019
2020-06-30,24,24,13,18,18,6,18,20,8,246,1012,10,0.0,0.0,14.5,-5,21,5,49019
2020-07-01,30,30,15,23,22,6,22,24,8,181,1011,12,0.0,0.0,14.5,-4,20,6,49019
2020-07-02,32,32,18,26,25,6,25,27,11,196,1012,15,0.0,0.0,14.5,-5,13,7,49019
2020-07-03,32,32,19,26,25,6,25,27,5,176,1015,7,0.0,0.0,14.5,-2,16,7,49019
2020-07-04,33,33,20,27,26,6,26,28,7,170,1015,11,0.0,0.0,14.5,5,27,7,49019
2020-07-05,34,34,21,28,28,6,28,29,7,205,1012,11,0.0,0.0,14.5,3,25,7,49019
2020-07-06,35,35,22,29,28,6,28,30,7,201,1010,11,0.0,0.0,14.5,-3,14,7,49019
2020-07-07,34,34,22,30,29,6,29,31,14,210,1009,20,0.0,0.0,14.5,-11,7,8,49019
2020-07-08,34,34,20,28,27,6,27,29,11,247,1009,16,0.0,0.0,11.6,-12,7,7,49019
2020-07-09,33,33,19,27,26,6,26,28,7,232,1011,12,0.0,0.0,11.6,-12,7,7,49019
2020-07-10,34,34,19,27,26,6,26,28,4,213,1015,6,0.0,0.0,11.6,-14,6,7,49019
2020-07-11,35,35,21,29,28,6,28,30,7,175,1016,10,0.0,0.0,11.6,-9,8,8,49019
2020-07-12,38,38,25,31,31,6,31,33,9,226,1012,13,1.0,0.0,9.4,5,20,7,49019
2020-07-13,36,36,22,28,28,5,28,29,15,191,1009,21,3.5,0.0,10.5,8,30,6,49019
2020-07-14,34,34,20,27,27,6,27,28,10,218,1010,14,0.5,0.0,10.5,7,34,6,49019
2020-07-15,35,35,23,29,28,6,28,30,6,190,1011,9,0.4,0.0,11.6,4,21,7,49019
2020-07-16,35,35,23,29,28,6,28,30,12,208,1013,16,1.0,0.0,11.6,6,28,7,49019
2020-07-17,33,33,21,27,27,6,27,28,10,198,1015,13,1.5,0.0,11.6,9,35,7,49019
2020-07-18,33,33,22,27,28,6,28,28,5,227,1014,7,0.6,0.0,11.6,7,31,7,49019
2020-07-19,35,35,23,29,28,6,28,31,8,192,1012,12,0.0,0.0,11.6,3,21,8,49019
2020-07-20,34,34,23,29,28,6,28,30,9,122,1011,14,0.2,0.0,11.6,3,19,7,49019
2020-07-21,34,34,24,30,28,6,28,30,7,97,1009,11,0.3,0.0,11.6,3,19,8,49019
2020-07-22,29,29,25,26,27,5,27,26,10,198,1013,14,0.9,0.0,8.3,9,36,6,49019
2020-07-23,31,31,20,25,26,6,26,26,6,181,1014,8,2.4,0.0,9.4,9,39,6,49019
2020-07-24,28,28,22,25,26,6,26,25,5,83,1014,7,1.6,0.0,11.6,9,38,7,49019
2020-07-25,29,29,23,26,26,6,26,26,5,208,1015,6,0.3,0.0,9.4,9,35,6,49019
2020-07-26,31,31,21,26,26,6,26,27,4,113,1015,6,0.0,0.0,11.6,8,33,7,49019
2020-07-27,32,32,22,28,27,6,27,28,7,199,1014,9,0.9,0.0,9.3,9,28,6,49019
2020-07-28,33,33,20,25,26,6,26,27,10,212,1013,12,0.9,0.0,9.3,9,42,6,49019
2020-07-29,34,34,23,28,28,6,28,29,6,236,1012,9,0.1,0.0,11.6,6,27,7,49019
2020-07-30,33,33,24,29,28,6,28,30,8,176,1015,12,0.0,0.0,11.6,3,19,7,49019
2020-07-31,35,35,24,30,29,6,29,31,7,185,1015,12,0.0,0.0,11.6,0,15,8,49019
2020-08-01,37,37,26,31,29,6,29,32,7,181,1013,10,0.0,0.0,11.6,1,15,8,49019
2020-08-02,35,35,25,30,30,6,30,31,7,227,1012,11,0.0,0.0,11.6,3,19,8,49019
2020-08-03,37,37,26,31,30,6,30,31,10,212,1011,15,0.0,0.0,11.6,1,16,8,49019
2020-08-04,35,35,25,30,29,6,29,31,8,215,1011,12,0.0,0.0,11.6,-3,11,8,49019
2020-08-05,35,35,24,30,29,6,29,31,9,193,1010,13,0.0,0.0,11.6,-2,13,8,49019
2020-08-06,33,33,22,28,27,6,27,29,13,189,1010,18,0.0,0.0,11.6,-1,20,7,49019
2020-08-07,33,33,20,27,26,6,26,29,13,209,1012,19,0.0,0.0,11.6,-9,8,7,49019
2020-08-08,33,33,20,28,27,6,27,29,8,189,1014,12,0.0,0.0,11.6,-8,10,7,49019
2020-08-09,33,33,21,28,26,6,26,29,6,198,1014,9,0.0,0.0,11.6,-7,10,7,49019
2020-08-10,34,34,21,28,27,6,27,29,6,186,1013,9,0.0,0.0,11.6,-3,14,7,49019
2020-08-11,34,34,22,28,27,6,27,29,11,222,1012,16,0.0,0.0,11.6,-6,11,7,49019
2020-08-12,34,34,22,28,27,6,27,29,10,222,1013,14,0.0,0.0,11.6,-1,17,7,49019
2020-08-13,34,34,20,28,27,6,27,29,6,182,1014,8,0.0,0.0,11.6,-9,9,7,49019
2020-08-14,34,34,22,28,27,6,27,29,6,182,1014,9,0.0,0.0,11.6,-6,11,7,49019
2020-08-15,33,33,21,27,27,6,27,28,4,165,1016,6,0.0,0.0,11.6,-3,13,7,49019
2020-08-16,35,35,21,29,28,6,28,30,6,173,1017,10,0.0,0.0,11.6,-5,11,7,49019
2020-08-17,35,35,22,29,28,6,28,30,5,124,1018,8,0.0,0.0,11.6,-5,11,8,49019
2020-08-18,36,36,23,29,28,6,28,31,4,197,1016,7,0.0,0.0,11.6,-1,15,8,49019
2020-08-19,37,37,23,30,29,6,29,31,5,193,1012,8,0.0,0.0,11.6,-2,13,8,49019
2020-08-20,38,38,24,31,29,6,29,32,9,188,1009,14,0.0,0.0,11.6,2,16,8,49019
2020-08-21,35,35,21,28,28,6,28,29,8,179,1010,13,0.0,0.0,11.6,4,23,7,49019
2020-08-22,37,37,23,29,29,6,29,31,7,196,1011,10,0.0,0.0,11.6,1,17,8,49019
2020-08-23,35,35,23,29,28,6,28,30,7,173,1012,11,0.0,0.0,11.6,4,21,8,49019
2020-08-24,35,35,24,29,28,6,28,30,5,191,1013,7,0.1,0.0,11.6,5,22,8,49019
2020-08-25,34,34,23,28,28,6,28,29,6,196,1012,10,0.2,0.0,11.6,6,26,7,49019
2020-08-26,33,33,23,28,28,6,28,28,6,186,1010,9,3.5,0.0,11.6,8,29,7,49019
2020-08-27,34,34,23,29,28,6,28,29,6,186,1008,9,1.1,0.0,10.3,7,26,6,49019
2020-08-28,34,34,23,29,28,6,28,30,5,225,1010,7,2.2,0.0,10.3,6,25,7,49019
2020-08-29,33,33,23,27,27,6,27,28,11,178,1011,15,0.2,0.0,10.3,6,28,6,49019
2020-08-30,33,33,21,27,26,6,26,28,9,212,1009,13,0.0,0.0,10.3,2,22,6,49019
2020-08-31,33,33,22,27,26,6,26,28,10,238,1006,13,0.0,0.0,11.6,-2,17,7,49019
2020-09-01,23,23,15,18,18,6,19,19,10,228,1014,13,1.3,0.0,11.6,3,37,5,49019
2020-09-02,29,29,17,23,23,6,23,24,4,169,1016,6,0.0,0.0,11.6,-1,21,6,49019
2020-09-03,32,32,19,25,25,6,25,27,4,178,1016,5,0.0,0.0,11.6,-3,16,7,49019
2020-09-04,33,33,21,27,26,6,26,28,5,180,1017,7,0.0,0.0,11.6,-6,12,7,49019
2020-09-05,35,35,22,28,28,6,28,30,4,174,1019,6,0.0,0.0,11.6,-6,11,7,49019
2020-09-06,35,35,22,29,28,6,28,30,4,163,1017,7,0.0,0.0,11.6,-7,9,7,49019
2020-09-07,35,35,21,28,28,6,28,30,8,267,1009,11,0.0,0.0,11.6,-5,12,7,49019
2020-09-08,16,16,6,13,13,5,14,12,14,257,1006,20,0.5,0.0,7.7,-2,35,3,49019
2020-09-09,13,13,5,5,5,6,9,9,14,49,1021,18,1.8,0.0,9.0,-3,46,2,49019
2020-09-10,15,15,8,9,9,5,11,11,10,66,1023,13,0.6,0.0,11.6,0,46,4,49019
2020-09-11,21,21,9,14,14,6,15,15,6,210,1021,9,0.0,0.0,11.6,1,44,5,49019
2020-09-12,25,25,14,19,19,6,19,20,3,63,1017,6,0.0,0.0,11.6,-3,23,5,49019
2020-09-13,28,28,16,21,21,6,21,23,4,185,1019,6,0.0,0.0,11.6,-3,20,6,49019
2020-09-14,29,29,17,23,23,6,23,24,4,191,1021,6,0.0,0.0,11.6,-5,17,6,49019
2020-09-15,29,29,17,23,23,6,23,24,2,136,1020,3,0.0,0.0,11.6,-7,14,6,49019
2020-09-16,30,30,17,24,24,6,24,25,4,92,1018,7,0.0,0.0,11.6,-7,13,7,49019
2020-09-17,30,30,19,23,23,6,23,25,5,161,1018,8,0.0,0.0,11.6,-4,16,6,49019
2020-09-18,31,31,19,25,24,6,24,26,7,152,1017,10,0.0,0.0,11.6,-4,15,7,49019
2020-09-19,31,31,20,26,25,6,25,27,13,197,1013,18,0.0,0.0,10.2,-1,18,6,49019
2020-09-20,29,29,16,23,22,6,22,23,6,205,1014,9,0.0,0.0,11.6,1,24,6,49019
2020-09-21,30,30,18,24,24,6,24,25,4,235,1015,7,0.0,0.0,11.6,-1,20,7,49019
2020-09-22,29,29,18,23,24,6,24,24,5,189,1016,8,0.7,0.0,10.2,4,31,5,49019
2020-09-23,28,28,17,22,22,6,22,23,4,181,1017,6,0.0,0.0,11.6,4,33,6,49019
2020-09-24,31,31,18,24,24,6,24,25,6,163,1014,9,0.0,0.0,11.6,-2,20,7,49019
2020-09-25,31,31,18,25,25,6,25,26,7,199,1012,11,0.0,0.0,11.6,-2,18,7,49019
2020-09-26,30,30,19,25,24,6,24,26,8,239,1011,12,0.0,0.0,11.6,-4,15,7,49019
2020-09-27,24,24,17,20,20,6,20,20,14,302,1015,20,0.0,0.0,11.6,-3,23,6,49019
2020-09-28,20,20,11,14,14,6,16,16,13,44,1025,20,0.0,0.0,11.6,-10,18,5,49019
2020-09-29,22,22,9,14,14,6,15,16,4,185,1023,6,0.0,0.0,11.6,-12,15,5,49019
2020-09-30,26,26,12,19,19,6,19,21,3,186,1020,5,0.0,0.0,11.6,-8,17,6,49019
2020-10-01,27,27,13,21,20,6,20,22,5,105,1021,6,0.0,0.0,11.6,-8,15,6,49019
2020-10-02,27,27,12,20,20,6,20,21,3,195,1018,5,0.0,0.0,8.7,-8,16,5,49019
2020-10-03,27,27,12,20,20,6,20,22,4,113,1017,6,0.0,0.0,11.4,-6,18,6,49019
2020-10-04,27,27,14,21,21,6,20,22,4,171,1017,7,0.0,0.0,11.4,-4,21,6,49019
2020-10-05,26,26,13,20,20,6,20,21,2,113,1018,4,0.0,0.0,11.4,-8,15,6,49019
2020-10-06,26,26,13,19,19,6,19,21,3,172,1019,5,0.0,0.0,11.3,-11,13,6,49019
2020-10-07,27,27,13,19,19,6,19,21,3,189,1016,5,0.0,0.0,11.3,-11,12,6,49019
2020-10-08,27,27,14,20,20,6,20,22,4,180,1013,7,0.0,0.0,11.3,-11,12,6,49019
2020-10-09,27,27,14,20,20,6,20,22,4,182,1012,7,0.0,0.0,11.3,-6,16,6,49019
2020-10-10,27,27,14,21,21,6,20,22,9,173,1010,13,0.0,0.0,11.2,-2,23,6,49019
2020-10-11,20,20,13,17,17,6,18,17,12,296,1012,18,0.0,0.0,8.7,-5,23,5,49019
2020-10-12,21,21,7,14,14,6,14,15,3,201,1020,4,0.0,0.0,8.7,-10,20,5,49019
2020-10-13,25,25,10,17,17,6,17,18,3,172,1019,5,0.0,0.0,8.7,-9,17,5,49019
2020-10-14,25,25,12,19,19,6,19,20,6,248,1017,10,0.0,0.0,8.7,-6,19,6,49019
2020-10-15,19,19,11,15,15,6,15,15,8,246,1021,13,0.0,0.0,8.7,-7,23,5,49019
2020-10-16,18,18,6,12,12,6,12,13,3,155,1022,5,0.0,0.0,8.7,-11,21,4,49019
2020-10-17,24,24,8,15,15,6,16,17,6,239,1016,10,0.0,0.0,8.7,-8,21,5,49019
2020-10-18,23,23,12,17,17,6,18,19,5,268,1015,8,0.0,0.0,8.7,-4,24,5,49019
2020-10-19,24,24,10,17,17,6,17,18,3,215,1015,5,0.0,0.0,8.7,-4,27,4,49019
2020-10-20,24,24,9,16,16,6,16,18,4,283,1013,6,0.0,0.0,8.7,-6,23,5,49019
2020-10-21,25,25,10,17,17,6,17,19,5,170,1010,9,0.0,0.0,8.7,-7,21,5,49019
2020-10-22,24,24,10,16,16,6,17,18,7,226,1008,11,0.0,0.0,8.7,-8,19,5,49019
2020-10-23,13,13,4,7,7,6,8,9,4,180,1017,7,0.0,0.0,7.2,-12,23,2,49019
2020-10-24,22,22,5,12,12,6,12,14,5,227,1010,8,0.0,0.0,8.7,-6,27,4,49019
2020-10-25,15,15,4,10,10,5,12,12,11,229,1006,16,3.6,0.3,4.1,-2,43,3,49019
2020-10-26,-2,-2,-9,-13,-13,5,-6,-6,14,53,1026,19,0.1,0.1,8.7,-16,46,2,49019
2020-10-27,3,3,-9,-8,-8,6,-3,-2,7,62,1028,11,0.0,0.0,8.7,-14,45,2,49019
2020-10-28,9,9,-2,1,1,6,3,4,4,62,1022,7,0.0,0.0,8.7,-9,43,2,49019
2020-10-29,13,13,2,6,6,6,7,8,3,73,1023,6,0.0,0.0,8.7,-5,47,3,49019
2020-10-30,15,15,5,8,8,6,9,10,3,180,1021,5,0.0,0.0,8.7,-3,45,4,49019
2020-10-31,17,17,6,10,10,6,10,12,2,82,1022,4,0.0,0.0,8.7,-4,39,4,49019
2020-11-01,18,18,7,11,11,6,11,12,3,138,1028,6,0.0,0.0,8.7,-5,33,4,49019
2020-11-02,19,19,8,12,12,6,12,14,2,64,1027,4,0.0,0.0,7.1,-6,29,3,49019
2020-11-03,19,19,9,13,13,6,13,15,2,173,1021,4,0.1,0.0,8.7,-5,29,4,49019
2020-11-04,21,21,9,14,14,6,14,16,1,182,1023,3,0.1,0.0,8.7,-1,37,5,49019
2020-11-05,21,21,9,14,14,6,14,15,3,76,1025,5,0.0,0.0,8.7,0,40,5,49019
2020-11-06,23,23,11,15,15,6,15,17,8,137,1012,14,0.0,0.0,7.1,-2,32,4,49019
2020-11-07,18,18,13,15,15,5,16,16,17,159,1002,25,2.7,0.0,7.1,2,44,4,49019
2020-11-08,9,9,3,2,2,6,6,6,17,196,1004,22,3.2,0.0,5.5,-7,39,2,49019
2020-11-09,4,4,2,-1,-1,4,3,3,9,216,1011,12,5.4,1.4,4.0,-3,69,1,49019
2020-11-10,4,4,-2,-2,-2,6,1,1,5,271,1021,8,0.0,0.0,8.7,-10,47,2,49019
2020-11-11,7,7,-2,0,0,6,1,3,3,211,1019,5,0.0,0.0,8.7,-11,40,2,49019
2020-11-12,6,6,-1,1,1,6,2,3,3,97,1022,5,0.0,0.0,8.7,-10,40,2,49019
2020-11-13,9,9,-1,2,2,6,3,4,4,159,1020,7,0.0,0.0,8.7,-12,33,1,49019
2020-11-14,6,6,1,2,2,6,5,5,9,297,1019,13,0.0,0.0,8.7,-10,35,3,49019
2020-11-15,8,8,-1,2,2,6,3,4,2,214,1028,4,0.0,0.0,8.7,-12,35,2,49019
2020-11-16,11,11,2,5,5,6,5,6,2,116,1028,4,0.0,0.0,8.7,-9,35,3,49019
2020-11-17,13,13,3,7,7,6,7,8,2,125,1025,4,0.0,0.0,8.7,-6,41,3,49019
2020-11-18,19,19,6,11,11,6,11,13,8,165,1016,15,0.0,0.0,8.7,-3,36,4,49019
2020-11-19,15,15,8,10,10,6,11,11,6,244,1017,10,0.0,0.0,8.7,-4,37,4,49019
2020-11-20,12,12,5,8,8,6,8,8,2,101,1023,4,0.0,0.0,8.7,-4,44,3,49019
2020-11-21,12,12,5,8,8,6,8,9,2,252,1024,4,0.2,0.0,8.7,-5,40,3,49019
2020-11-22,10,10,3,4,4,6,6,6,4,97,1020,7,0.0,0.0,7.0,-7,39,2,49019
2020-11-23,11,11,2,5,5,5,6,7,4,288,1008,7,0.4,0.0,8.7,-6,45,3,49019
2020-11-24,8,8,4,5,5,5,6,6,5,229,1013,7,0.8,0.0,5.3,-3,54,2,49019
2020-11-25,10,10,-1,2,2,6,4,5,4,162,1019,7,0.0,0.0,8.7,-8,45,2,49019
2020-11-26,7,7,-1,1,1,6,3,3,4,152,1019,7,0.0,0.0,8.7,-8,45,2,49019
2020-11-27,5,5,-3,-1,-1,6,0,1,3,236,1027,6,0.0,0.0,8.7,-14,35,2,49019
2020-11-28,7,7,-3,0,0,6,0,2,2,111,1027,3,0.0,0.0,8.7,-14,34,2,49019
2020-11-29,9,9,-3,1,1,6,3,3,3,111,1026,5,0.0,0.0,8.7,-13,35,2,49019
2020-11-30,7,7,-2,0,0,6,1,2,3,172,1028,5,0.0,0.0,8.7,-12,39,1,49019
2020-12-01,6,6,-2,-1,-1,6,1,2,3,209,1024,6,0.0,0.0,8.7,-12,39,2,49019
2020-12-02,3,3,-4,-6,-6,6,-1,0,12,42,1029,20,0.0,0.0,8.7,-13,39,2,49019
2020-12-03,4,4,-6,-3,-3,6,-2,-1,3,135,1032,4,0.0,0.0,8.7,-16,36,2,49019
2020-12-04,6,6,-5,-1,-1,6,-1,0,2,169,1028,4,0.0,0.0,8.7,-17,31,2,49019
2020-12-05,7,7,-3,1,1,6,2,2,2,171,1029,3,0.0,0.0,8.7,-16,30,2,49019
2020-12-06,8,8,-3,1,1,6,2,3,2,136,1026,3,0.0,0.0,8.7,-13,34,2,49019
2020-12-07,9,9,-2,2,2,6,3,4,2,279,1027,3,0.0,0.0,8.7,-11,40,2,49019
2020-12-08,8,8,-2,1,1,6,2,3,1,137,1028,2,0.0,0.0,8.7,-12,37,2,49019
2020-12-09,8,8,-2,3,3,6,3,4,1,182,1023,3,0.0,0.0,7.0,-11,39,1,49019
2020-12-10,8,8,-1,1,1,6,2,3,2,153,1013,3,0.0,0.0,5.2,-11,39,1,49019
2020-12-11,8,8,1,1,1,6,3,4,7,262,1013,10,0.0,0.0,8.7,-10,38,1,49019
2020-12-12,2,2,-3,-3,-3,4,-1,0,6,208,1017,11,1.6,1.4,5.2,-10,47,1,49019
2020-12-13,0,0,-8,-6,-6,5,-4,-3,4,137,1032,7,0.7,0.6,8.7,-12,53,2,49019
2020-12-14,-1,-1,-5,-4,-4,5,-3,-2,3,176,1022,4,0.2,0.2,3.5,-10,60,1,49019
2020-12-15,2,2,-6,-4,-4,6,-3,-2,2,202,1025,3,0.0,0.0,8.7,-9,69,2,49019
2020-12-16,1,1,-5,-6,-6,6,-3,-3,4,88,1027,7,0.0,0.0,8.7,-10,63,2,49019
2020-12-17,1,1,-8,-5,-5,5,-3,-2,3,100,1019,5,0.6,0.5,3.5,-9,64,1,49019
2020-12-18,4,4,-4,-3,-3,6,-1,0,3,241,1022,5,0.0,0.0,8.7,-6,73,1,49019
2020-12-19,3,3,-4,-3,-3,6,-2,-1,2,172,1030,4,0.0,0.0,8.7,-8,64,2,49019
2020-12-20,4,4,-5,-3,-3,6,-1,0,3,67,1031,5,0.0,0.0,8.7,-8,64,2,49019
2020-12-21,6,6,-3,-1,-1,6,0,1,3,116,1026,5,0.0,0.0,8.7,-8,58,2,49019
2020-12-22,8,8,-2,1,1,6,2,3,3,225,1017,4,0.0,0.0,8.7,-6,59,2,49019
2020-12-23,1,1,-4,-6,-6,6,-2,-2,7,284,1032,12,0.0,0.0,8.7,-15,37,2,49019
2020-12-24,1,1,-6,-7,-7,6,-4,-3,5,78,1035,8,0.0,0.0,8.7,-18,32,2,49019
2020-12-25,1,1,-6,-4,-4,6,-4,-3,2,216,1029,4,0.0,0.0,8.7,-17,35,2,49019
2020-12-26,2,2,-5,-4,-4,6,-3,-2,2,170,1023,4,0.0,0.0,8.7,-15,39,2,49019
2020-12-27,3,3,-4,-2,-2,6,-2,-1,2,160,1023,4,0.0,0.0,7.0,-11,49,1,49019
2020-12-28,3,3,-2,-3,-3,3,0,0,5,113,1014,7,2.5,2.1,3.6,-3,84,1,49019
2020-12-29,-1,-1,-6,-4,-4,3,-3,-3,3,215,1018,5,8.0,6.8,7.0,-4,90,1,49019
2020-12-30,-4,-4,-14,-11,-11,6,-8,-8,3,64,1029,5,0.0,0.0,8.7,-12,71,2,49019
2020-12-31,-2,-2,-8,-7,-7,6,-5,-5,2,156,1021,4,0.1,0.1,3.6,-10,70,1,49019
2021-01-01,-1,-1,-6,-5,-5,6,-4,-3,2,110,1024,3,0.0,0.0,8.7,-8,72,2,49019
2021-01-02,0,0,-5,-4,-4,6,-3,-3,2,92,1027,4,0.0,0.0,8.7,-7,76,2,49019
2021-01-03,0,0,-4,-4,-4,6,-3,-2,2,51,1027,4,0.0,0.0,8.7,-7,74,2,49019
2021-01-04,2,2,-4,-3,-3,6,-2,-1,2,67,1026,4,0.0,0.0,8.7,-7,71,2,49019
2021-01-05,3,3,-3,-3,-3,6,-1,0,4,269,1023,7,0.0,0.0,8.7,-6,67,2,49019
2021-01-06,3,3,-3,-3,-3,6,-2,-1,3,50,1029,6,0.0,0.0,8.7,-7,67,2,49019
2021-01-07,2,2,-3,-2,-2,6,-2,-1,1,143,1027,2,0.0,0.0,8.7,-10,55,1,49019
2021-01-08,2,2,-3,-2,-2,6,-1,-1,2,92,1026,3,0.0,0.0,3.7,-8,63,1,49019
2021-01-09,3,3,-3,-2,-2,5,-1,0,3,174,1023,4,0.1,0.1,7.0,-6,71,1,49019
2021-01-10,0,0,-5,-5,-5,6,-3,-3,3,133,1031,6,0.0,0.0,8.7,-9,65,2,49019
2021-01-11,0,0,-5,-4,-4,6,-3,-3,2,189,1032,3,0.0,0.0,8.7,-8,69,2,49019
2021-01-12,0,0,-6,-4,-4,6,-4,-3,1,106,1032,3,0.0,0.0,8.7,-9,68,2,49019
2021-01-13,0,0,-4,-3,-3,6,-3,-2,1,117,1030,3,0.0,0.0,8.7,-9,63,2,49019
2021-01-14,2,2,-4,-2,-2,6,-2,-1,2,214,1030,3,0.0,0.0,8.7,-7,68,2,49019
2021-01-15,2,2,-3,-2,-2,6,-1,-1,2,55,1030,4,0.0,0.0,8.7,-7,66,1,49019
2021-01-16,3,3,-2,-1,-1,6,-1,0,2,156,1024,3,0.1,0.1,8.7,-8,57,1,49019
2021-01-17,3,3,-3,-1,-1,6,-1,0,1,117,1024,3,0.0,0.0,8.7,-6,67,2,49019
2021-01-18,4,4,-3,-2,-2,6,0,0,4,79,1018,7,0.0,0.0,7.0,-6,66,1,49019
2021-01-19,2,2,-2,-5,-5,4,-1,0,12,101,1027,19,0.3,0.0,5.4,-11,45,1,49019
2021-01-20,3,3,-3,-1,-1,6,-1,0,1,251,1028,2,0.0,0.0,8.7,-7,65,2,49019
2021-01-21,3,3,-2,-1,-1,6,0,0,2,188,1020,3,0.0,0.0,8.7,-3,80,2,49019
2021-01-22,3,3,-4,0,0,5,0,1,2,88,1014,4,0.1,0.1,5.4,-1,89,1,49019
2021-01-23,6,6,0,0,0,5,2,3,7,201,1009,10,0.2,0.2,7.0,-2,75,1,49019
2021-01-24,3,3,-1,-1,-1,6,1,1,3,132,1009,5,0.0,0.0,7.1,-5,66,1,49019
2021-01-25,3,3,-1,-2,-2,4,0,1,6,166,1007,9,0.7,0.6,7.1,-3,83,1,49019
2021-01-26,2,2,-3,-4,-4,5,-1,0,6,154,1009,9,1.8,1.5,3.8,-6,71,1,49019
2021-01-27,2,2,-3,-4,-4,6,-1,-1,5,144,1026,8,0.0,0.0,3.8,-10,51,1,49019
2021-01-28,3,3,-2,-2,-2,6,0,1,3,162,1025,5,0.0,0.0,8.7,-9,50,2,49019
2021-01-29,4,4,-2,-2,-2,5,0,1,5,283,1013,7,0.1,0.1,7.1,-7,59,1,49019
2021-01-30,5,5,-1,-2,-2,6,1,2,5,246,1019,8,0.0,0.0,8.7,-3,75,2,49019
2021-01-31,5,5,-1,-1,-1,6,1,2,4,116,1031,6,0.0,0.0,8.7,-6,62,2,49019
2021-02-01,3,3,-1,0,0,6,1,2,2,177,1029,3,0.0,0.0,8.7,-6,60,2,49019
2021-02-02,6,6,-1,2,2,6,2,3,2,310,1024,3,0.0,0.0,8.7,-5,61,2,49019
2021-02-03,11,11,1,3,3,6,5,5,7,221,1013,11,0.2,0.0,7.1,-3,62,2,49019
2021-02-04,4,4,-1,-2,-2,6,1,2,7,280,1023,10,0.0,0.0,8.7,-9,47,2,49019
2021-02-05,4,4,-1,-2,-2,6,1,1,6,258,1021,9,0.0,0.0,8.7,-9,48,2,49019
2021-02-06,7,7,0,0,0,6,3,4,7,222,1018,11,0.0,0.0,8.7,-7,49,2,49019
2021-02-07,10,10,0,3,3,6,5,6,5,226,1013,8,0.0,0.0,8.7,-10,36,3,49019
2021-02-08,11,11,1,4,4,6,5,6,3,221,1012,6,0.0,0.0,8.7,-10,34,3,49019
2021-02-09,11,11,4,7,7,6,7,8,3,193,1013,6,0.0,0.0,5.5,-6,40,2,49019
2021-02-10,10,10,2,5,5,6,5,6,3,146,1015,5,0.0,0.0,8.7,-2,59,3,49019
2021-02-11,11,11,2,6,6,6,6,7,4,220,1015,6,0.0,0.0,8.7,-2,56,3,49019
2021-02-12,9,9,-1,5,5,6,7,7,6,186,1009,9,0.3,0.0,5.5,-1,57,2,49019
2021-02-13,7,7,2,2,2,5,5,5,8,186,1005,13,2.3,0.0,3.9,0,74,2,49019
2021-02-14,-1,-1,-4,-7,-7,4,-2,-3,12,54,1010,15,3.4,2.6,5.5,-9,59,1,49019
2021-02-15,1,1,-4,-5,-5,6,-2,-2,5,91,1018,7,0.0,0.0,5.5,-10,52,1,49019
2021-02-16,5,5,-2,-2,-2,6,1,2,8,229,1009,11,0.1,0.0,7.1,-7,58,1,49019
2021-02-17,3,3,0,-4,-4,5,1,1,12,309,1016,17,0.4,0.3,8.7,-10,45,1,49019
2021-02-18,2,2,-8,-3,-3,5,-1,-1,4,283,1029,6,0.3,0.3,8.7,-11,46,2,49019
2021-02-19,6,6,-2,0,0,6,2,2,3,157,1027,5,0.0,0.0,11.0,-13,33,2,49019
2021-02-20,8,8,0,2,2,6,4,4,5,131,1016,8,0.3,0.0,10.1,-7,49,1,49019
